,datetime, _conds, _dewptm, _fog, _hail, _hum, _pressurem, _rain, _snow, _tempm, _thunder, _tornado, _vism, _wspdm,year,month,week,day,hour,night,morning,noon,evening,season_winter,season_spring,season_summer,season_monsoon,season_autumn,hour_cos,hour_sin,month_cos,month_sin,week_cos,week_sin, _dewptm_bars, _hum_bars, _pressurem_bars, _vism_bars, _wspdm_bars,Temp
1308,2001-04-01,Clear,0.5560975609756098,0.0,0.0,0.8895833333333332,0.2686567164179108,0.0,0.0,18.6,0.0,0.0,0.019333333333333334,0.14054054054054055,2001.0,4.0,13.0,1.0,17.2,1.0,0.0,0.0,0.0,0.0,0.0,1.0,0.0,0.0,0.9039058011260055,0.26680487699264915,0.2500000000000001,0.9330127018922194,0.5143902334072789,0.9999999999999998,12,19,12,4,5,3.0
1312,2001-04-02,Clear,0.5121951219512195,0.0,0.0,0.8229166666666666,0.2761194029850751,0.0,0.0,18.0,0.0,0.0,0.02,0.15135135135135136,2001.0,4.0,14.0,2.0,1.0,1.0,0.0,0.0,0.0,0.0,0.0,1.0,0.0,0.0,0.9829629131445341,0.6294095225512604,0.2500000000000001,0.9330127018922194,0.4551235777621594,0.9982437317643214,10,18,13,4,6,3.0
1316,2001-04-03,Smoke,0.5447154471544716,0.0,0.0,0.6875,0.2674129353233834,0.0,0.0,22.333333333333332,0.0,0.0,0.03166666666666666,0.17522522522522524,2001.0,4.0,14.0,3.0,8.166666666666666,1.0,0.0,0.0,0.0,0.0,0.0,1.0,0.0,0.0,0.9170819864624269,0.5284234481168423,0.25000000000000006,0.9330127018922195,0.4551235777621594,0.9982437317643215,11,14,12,8,7,5.0
1320,2001-04-04,Smoke,0.5087108013937283,0.0,0.0,0.5282738095238095,0.2686567164179108,0.0,0.0,24.571428571428573,0.0,0.0,0.0338095238095238,0.21505791505791508,2001.0,4.0,14.0,4.0,13.142857142857142,1.0,0.0,0.0,0.0,0.0,0.0,1.0,0.0,0.0,0.8984368587514363,0.4381410425868256,0.25000000000000006,0.9330127018922195,0.4551235777621594,0.9982437317643215,10,11,12,8,8,5.0
1324,2001-04-05,Haze,0.5182926829268293,0.0,0.0,0.640625,0.2537313432835824,0.0,0.0,22.0,0.0,0.0,0.05,0.21351351351351353,2001.0,4.0,14.0,5.0,21.5,1.0,0.0,0.0,0.0,0.0,0.0,1.0,0.0,0.0,0.8798822514075066,0.20850609624081146,0.2500000000000001,0.9330127018922194,0.4551235777621594,0.9982437317643214,10,13,11,13,8,5.0
1328,2001-04-06,Haze,0.5121951219512195,0.0,0.0,0.6927083333333333,0.2686567164179108,0.0,0.0,20.5,0.0,0.0,0.045,0.07567567567567568,2001.0,4.0,14.0,6.0,0.5,1.0,0.0,0.0,0.0,0.0,0.0,1.0,0.0,0.0,0.991481456572267,0.5647047612756302,0.2500000000000001,0.9330127018922194,0.4551235777621594,0.9982437317643214,10,15,12,12,3,4.0
1332,2001-04-07,Smoke,0.5121951219512195,0.0,0.0,0.5856481481481481,0.2736318407960202,0.0,0.0,23.444444444444443,0.0,0.0,0.02296296296296296,0.13363363363363365,2001.0,4.0,14.0,7.0,10.666666666666666,1.0,0.0,0.0,0.0,0.0,0.0,1.0,0.0,0.0,0.8932286679177839,0.4999999999999999,0.25000000000000006,0.9330127018922195,0.4551235777621594,0.9982437317643215,10,12,13,5,5,5.0
1336,2001-04-08,Haze,0.48780487804878053,0.0,0.0,0.3020833333333333,0.2686567164179108,0.0,0.0,32.0,0.0,0.0,0.04666666666666666,0.2513513513513514,2001.0,4.0,14.0,8.0,4.0,1.0,0.0,0.0,0.0,0.0,0.0,1.0,0.0,0.0,0.75,0.9330127018922193,0.2500000000000001,0.9330127018922194,0.4551235777621594,0.9982437317643214,9,5,12,12,9,8.0
1340,2001-04-09,Smoke,0.4176829268292683,0.0,0.0,0.31640625,0.2313432835820901,0.0,0.0,29.0,0.0,0.0,0.03958333333333333,0.14425675675675675,2001.0,4.0,15.0,9.0,9.625,1.0,0.0,0.0,0.0,0.0,0.0,1.0,0.0,0.0,0.8753114898468201,0.5670707615606866,0.25000000000000006,0.9330127018922195,0.39648071975869714,0.9894932136984009,7,6,8,10,6,7.0
1344,2001-04-10,Smoke,0.4599303135888502,0.0,0.0,0.3601190476190476,0.24840085287846517,0.0,0.0,28.714285714285715,0.0,0.0,0.031071428571428566,0.17895752895752895,2001.0,4.0,15.0,10.0,10.0,1.0,0.0,0.0,0.0,0.0,0.0,1.0,0.0,0.0,0.9080064727668337,0.47385532830111143,0.25000000000000006,0.9330127018922195,0.39648071975869714,0.9894932136984009,8,7,10,7,7,7.0
1348,2001-04-11,Clear,0.41463414634146345,0.0,0.0,0.19791666666666666,0.2761194029850751,0.0,0.0,35.0,0.0,0.0,0.041666666666666664,0.5513513513513514,2001.0,4.0,15.0,11.0,4.0,1.0,0.0,0.0,0.0,0.0,0.0,1.0,0.0,0.0,0.75,0.9330127018922193,0.2500000000000001,0.9330127018922194,0.3964807197586972,0.9894932136984012,7,3,13,11,19,9.0
1352,2001-04-12,Haze,0.5792682926829269,0.0,0.0,0.7005208333333334,0.2518656716417913,0.0,0.0,23.25,0.0,0.0,0.02625,0.1506756756756757,2001.0,4.0,15.0,12.0,21.5,1.0,0.0,0.0,0.0,0.0,0.0,1.0,0.0,0.0,0.8798822514075066,0.20850609624081146,0.2500000000000001,0.9330127018922194,0.3964807197586972,0.9894932136984012,13,15,10,6,6,5.0
1356,2001-04-13,Haze,0.5203252032520326,0.0,0.0,0.4947916666666666,0.266169154228856,0.0,0.0,26.5,0.0,0.0,0.03777777777777777,0.30045045045045043,2001.0,4.0,15.0,13.0,8.666666666666666,1.0,0.0,0.0,0.0,0.0,0.0,1.0,0.0,0.0,0.8670902845870412,0.5804938188574224,0.25000000000000006,0.9330127018922195,0.3964807197586972,0.989493213698401,11,10,12,9,11,6.0
1360,2001-04-14,Haze,0.5569105691056911,0.0,0.0,0.5902777777777778,0.2885572139303488,0.0,0.0,25.166666666666668,0.0,0.0,0.04527777777777778,0.31756756756756754,2001.0,4.0,15.0,14.0,5.333333333333333,1.0,0.0,0.0,0.0,0.0,0.0,1.0,0.0,0.0,0.9087569512537078,0.6526626025061254,0.25000000000000006,0.9330127018922195,0.3964807197586972,0.989493213698401,12,12,15,12,12,6.0
1364,2001-04-15,Haze,0.6000000000000001,0.0,0.0,0.7041666666666667,0.28656716417910477,0.0,0.0,24.2,0.0,0.0,0.045,0.15081081081081082,2001.0,4.0,15.0,15.0,10.0,1.0,0.0,0.0,0.0,0.0,0.0,1.0,0.0,0.0,0.8905083415044495,0.5417737667700411,0.2500000000000001,0.9330127018922194,0.3964807197586972,0.989493213698401,13,15,14,12,6,5.0
1368,2001-04-16,Haze,0.5548780487804879,0.0,0.0,0.63671875,0.27798507462686617,0.0,0.0,23.875,0.0,0.0,0.03416666666666666,0.2753378378378379,2001.0,4.0,16.0,16.0,9.125,1.0,0.0,0.0,0.0,0.0,0.0,1.0,0.0,0.0,0.88201188726444,0.5161761903189075,0.25000000000000006,0.9330127018922195,0.33928487657653067,0.9738712838945129,12,13,13,8,10,5.0
1372,2001-04-17,Clear,0.603658536585366,0.0,0.0,0.984375,0.26119402985074647,0.0,0.0,19.0,0.0,0.0,0.03666666666666667,0.0,2001.0,4.0,16.0,17.0,21.5,1.0,0.0,0.0,0.0,0.0,0.0,1.0,0.0,0.0,0.8798822514075066,0.20850609624081146,0.2500000000000001,0.9330127018922194,0.33928487657653067,0.9738712838945128,13,19,12,9,1,4.0
1376,2001-04-18,Haze,0.588850174216028,0.0,0.0,0.7693452380952381,0.2643923240938169,0.0,0.0,22.285714285714285,0.0,0.0,0.036904761904761905,0.08610038610038609,2001.0,4.0,16.0,18.0,13.571428571428571,1.0,0.0,0.0,0.0,0.0,0.0,1.0,0.0,0.0,0.8651564425879313,0.4815129253498199,0.25000000000000006,0.9330127018922195,0.33928487657653067,0.9738712838945129,13,16,12,9,3,5.0
1380,2001-04-19,Haze,0.5853658536585367,0.0,0.0,0.6833333333333333,0.26716417910447793,0.0,0.0,24.2,0.0,0.0,0.03266666666666666,0.18000000000000002,2001.0,4.0,16.0,19.0,2.0,1.0,0.0,0.0,0.0,0.0,0.0,1.0,0.0,0.0,0.9039058011260055,0.7331951230073506,0.2500000000000001,0.9330127018922194,0.33928487657653067,0.9738712838945128,13,14,12,8,7,5.0
1384,2001-04-20,Haze,0.4829268292682928,0.0,0.0,0.5875,0.2537313432835827,0.0,0.0,21.8,0.0,0.0,0.04266666666666666,0.40054054054054056,2001.0,4.0,16.0,20.0,18.0,1.0,0.0,0.0,0.0,0.0,0.0,1.0,0.0,0.0,0.8539058011260054,0.353407417371093,0.2500000000000001,0.9330127018922194,0.33928487657653067,0.9738712838945128,9,12,11,11,14,4.0
1388,2001-04-21,Haze,0.4959349593495935,0.0,0.0,0.5520833333333334,0.24875621890547292,0.0,0.0,23.666666666666668,0.0,0.0,0.04,0.30090090090090094,2001.0,4.0,16.0,21.0,8.0,1.0,0.0,0.0,0.0,0.0,0.0,1.0,0.0,0.0,0.8333333333333334,0.5,0.2500000000000001,0.9330127018922193,0.33928487657653067,0.9738712838945128,10,11,10,10,11,5.0
1392,2001-04-22,Haze,0.44512195121951226,0.0,0.0,0.40104166666666663,0.23694029850746312,0.0,0.0,26.25,0.0,0.0,0.034166666666666665,0.1817567567567568,2001.0,4.0,16.0,22.0,16.75,1.0,0.0,0.0,0.0,0.0,0.0,1.0,0.0,0.0,0.8216415231213733,0.34911165235168146,0.2500000000000001,0.9330127018922194,0.33928487657653067,0.9738712838945128,8,8,9,8,7,6.0
1396,2001-04-23,Haze,0.43089430894308944,0.0,0.0,0.2638888888888889,0.2487562189054732,0.0,0.0,31.666666666666668,0.0,0.0,0.0461111111111111,0.21801801801801804,2001.0,4.0,17.0,23.0,3.0,1.0,0.0,0.0,0.0,0.0,0.0,1.0,0.0,0.0,0.8455220308284978,0.8455220308284978,0.2500000000000001,0.9330127018922193,0.284338952479103,0.9515972400034102,7,4,10,12,8,8.0
1400,2001-04-24,Haze,0.5017421602787457,0.0,0.0,0.412202380952381,0.24307036247334793,0.0,0.0,28.714285714285715,0.0,0.0,0.038095238095238106,0.1003861003861004,2001.0,4.0,17.0,24.0,13.571428571428571,1.0,0.0,0.0,0.0,0.0,0.0,1.0,0.0,0.0,0.8651564425879313,0.4815129253498199,0.25000000000000006,0.9330127018922195,0.28433895247910307,0.9515972400034104,10,8,10,9,4,7.0
1404,2001-04-25,Haze,0.48373983739837395,0.0,0.0,0.32638888888888884,0.2313432835820901,0.0,0.0,31.166666666666668,0.0,0.0,0.03944444444444444,0.11711711711711713,2001.0,4.0,17.0,25.0,12.333333333333334,1.0,0.0,0.0,0.0,0.0,0.0,1.0,0.0,0.0,0.8670902845870411,0.5373573113403355,0.25000000000000006,0.9330127018922195,0.28433895247910307,0.9515972400034104,9,6,8,10,5,8.0
1408,2001-04-26,Haze,0.4552845528455285,0.0,0.0,0.34027777777777773,0.21641791044776149,0.0,0.0,29.166666666666668,0.0,0.0,0.03805555555555555,0.0918918918918919,2001.0,4.0,17.0,26.0,14.5,1.0,0.0,0.0,0.0,0.0,0.0,1.0,0.0,0.0,0.9170819864624268,0.327238984585751,0.25000000000000006,0.9330127018922195,0.28433895247910307,0.9515972400034104,8,6,7,9,4,7.0
1412,2001-04-27,Haze,0.4176829268292683,0.0,0.0,0.2578125,0.21548507462686617,0.0,0.0,31.5,0.0,0.0,0.044375000000000005,0.27567567567567575,2001.0,4.0,17.0,27.0,9.5,1.0,0.0,0.0,0.0,0.0,0.0,1.0,0.0,0.0,0.9111322514075068,0.5541265877365272,0.25000000000000006,0.9330127018922195,0.28433895247910307,0.9515972400034104,7,4,7,11,10,8.0
1416,2001-04-28,Haze,0.3567073170731707,0.0,0.0,0.21093749999999997,0.20335820895522416,0.0,0.0,31.625,0.0,0.0,0.043750000000000004,0.3503378378378379,2001.0,4.0,17.0,28.0,9.5,1.0,0.0,0.0,0.0,0.0,0.0,1.0,0.0,0.0,0.9111322514075068,0.5541265877365272,0.25000000000000006,0.9330127018922195,0.28433895247910307,0.9515972400034104,5,3,5,11,13,8.0
1420,2001-04-29,Haze,0.45121951219512196,0.0,0.0,0.2942708333333333,0.2873134328358211,0.0,0.0,31.125,0.0,0.0,0.047499999999999994,0.15050675675675676,2001.0,4.0,17.0,29.0,9.125,1.0,0.0,0.0,0.0,0.0,0.0,1.0,0.0,0.0,0.88201188726444,0.5161761903189075,0.25000000000000006,0.9330127018922195,0.28433895247910307,0.9515972400034104,8,5,14,12,6,8.0
1424,2001-04-30,Haze,0.4847560975609756,0.0,0.0,0.3333333333333333,0.2285447761194035,0.0,0.0,30.625,0.0,0.0,0.04583333333333334,0.14780405405405406,2001.0,4.0,18.0,30.0,11.5,1.0,0.0,0.0,0.0,0.0,0.0,1.0,0.0,0.0,0.9111322514075068,0.44587341226347244,0.25000000000000006,0.9330127018922195,0.2324142677977912,0.9229837607760186,9,6,8,12,6,7.0
2763,2002-04-01,Haze,0.48475609756097565,0.0,0.0,0.48828124999999994,0.2611940298507467,0.0,0.0,25.375,0.0,0.0,0.045833333333333344,0.48817567567567566,2002.0,4.0,14.0,1.0,11.875,1.0,0.0,0.0,0.0,0.0,0.0,1.0,0.0,0.0,0.8820118872644401,0.4838238096810924,0.25000000000000006,0.9330127018922195,0.4551235777621594,0.9982437317643215,9,10,12,12,17,6.0
2767,2002-04-02,Haze,0.46747967479674796,0.0,0.0,0.46874999999999994,0.26119402985074663,0.0,0.0,25.0,0.0,0.0,0.04,0.32522522522522523,2002.0,4.0,14.0,2.0,5.166666666666667,1.0,0.0,0.0,0.0,0.0,0.0,1.0,0.0,0.0,0.8955137327038836,0.6354037040739132,0.25000000000000006,0.9330127018922195,0.4551235777621594,0.9982437317643215,9,9,12,10,12,6.0
2771,2002-04-03,Haze,0.3170731707317074,0.0,0.0,0.3671875,0.2481343283582096,0.0,0.0,21.5,0.0,0.0,0.022916666666666665,0.025,2002.0,4.0,14.0,3.0,21.5,1.0,0.0,0.0,0.0,0.0,0.0,1.0,0.0,0.0,0.8798822514075066,0.20850609624081146,0.2500000000000001,0.9330127018922194,0.4551235777621594,0.9982437317643214,3,7,10,5,1,4.0
2775,2002-04-04,Smoke,0.3116531165311654,0.0,0.0,0.29398148148148145,0.2512437810945279,0.0,0.0,24.77777777777778,0.0,0.0,0.030925925925925926,0.09489489489489489,2002.0,4.0,14.0,4.0,10.666666666666666,1.0,0.0,0.0,0.0,0.0,0.0,1.0,0.0,0.0,0.8932286679177839,0.4999999999999999,0.25000000000000006,0.9330127018922195,0.4551235777621594,0.9982437317643215,3,5,10,7,4,5.0
2779,2002-04-05,Smoke,0.3604336043360434,0.0,0.0,0.28009259259259256,0.256633499170813,0.0,0.0,27.88888888888889,0.0,0.0,0.03666666666666666,0.2672672672672673,2002.0,4.0,14.0,5.0,10.666666666666666,1.0,0.0,0.0,0.0,0.0,0.0,1.0,0.0,0.0,0.8932286679177839,0.4999999999999999,0.25000000000000006,0.9330127018922195,0.4551235777621594,0.9982437317643215,5,5,11,9,10,6.0
2783,2002-04-06,Smoke,0.4634146341463415,0.0,0.0,0.36689814814814814,0.2578772802653402,0.0,0.0,29.0,0.0,0.0,0.033333333333333326,0.21741741741741744,2002.0,4.0,14.0,6.0,10.666666666666666,1.0,0.0,0.0,0.0,0.0,0.0,1.0,0.0,0.0,0.8932286679177839,0.4999999999999999,0.25000000000000006,0.9330127018922195,0.4551235777621594,0.9982437317643215,9,7,11,8,8,7.0
2787,2002-04-07,Haze,0.426829268292683,0.0,0.0,0.40885416666666663,0.2574626865671643,0.0,0.0,25.0,0.0,0.0,0.05333333333333334,0.33783783783783783,2002.0,4.0,14.0,7.0,21.5,1.0,0.0,0.0,0.0,0.0,0.0,1.0,0.0,0.0,0.8798822514075066,0.20850609624081146,0.2500000000000001,0.9330127018922194,0.4551235777621594,0.9982437317643214,7,8,11,14,12,6.0
2791,2002-04-08,Haze,0.44173441734417346,0.0,0.0,0.46180555555555547,0.266169154228856,0.0,0.0,23.88888888888889,0.0,0.0,0.04203703703703704,0.3003003003003003,2002.0,4.0,15.0,8.0,10.666666666666666,1.0,0.0,0.0,0.0,0.0,0.0,1.0,0.0,0.0,0.8932286679177839,0.4999999999999999,0.25000000000000006,0.9330127018922195,0.39648071975869714,0.9894932136984009,8,9,12,11,11,5.0
2795,2002-04-09,Haze,0.4200542005420054,0.0,0.0,0.3981481481481481,0.25207296849087935,0.0,0.0,25.11111111111111,0.0,0.0,0.04092592592592593,0.17297297297297298,2002.0,4.0,15.0,9.0,10.666666666666666,1.0,0.0,0.0,0.0,0.0,0.0,1.0,0.0,0.0,0.8932286679177839,0.4999999999999999,0.25000000000000006,0.9330127018922195,0.39648071975869714,0.9894932136984009,7,8,11,10,7,6.0
2799,2002-04-10,Haze,0.39024390243902446,0.0,0.0,0.40972222222222215,0.24129353233830905,0.0,0.0,23.333333333333332,0.0,0.0,0.0325,0.19234234234234238,2002.0,4.0,15.0,10.0,8.166666666666666,1.0,0.0,0.0,0.0,0.0,0.0,1.0,0.0,0.0,0.92601584968592,0.5215682537585433,0.25000000000000006,0.9330127018922195,0.3964807197586972,0.989493213698401,6,8,9,8,7,5.0
2803,2002-04-11,Haze,0.36585365853658536,0.0,0.0,0.3359375,0.25000000000000044,0.0,0.0,25.25,0.0,0.0,0.034166666666666665,0.03783783783783784,2002.0,4.0,15.0,11.0,21.5,1.0,0.0,0.0,0.0,0.0,0.0,1.0,0.0,0.0,0.8798822514075066,0.20850609624081146,0.2500000000000001,0.9330127018922194,0.3964807197586972,0.9894932136984012,5,6,10,8,2,6.0
2807,2002-04-12,Clear,0.29268292682926833,0.0,0.0,0.14583333333333334,0.2686567164179108,0.0,0.0,33.0,0.0,0.0,0.058333333333333334,0.2513513513513514,2002.0,4.0,15.0,12.0,3.0,1.0,0.0,0.0,0.0,0.0,0.0,1.0,0.0,0.0,0.8535533905932737,0.8535533905932737,0.2500000000000001,0.9330127018922194,0.3964807197586972,0.9894932136984012,3,2,12,16,9,8.0
2811,2002-04-13,Haze,0.4024390243902439,0.0,0.0,0.31510416666666663,0.27052238805970186,0.0,0.0,27.75,0.0,0.0,0.034583333333333334,0.20675675675675675,2002.0,4.0,15.0,13.0,2.0,1.0,0.0,0.0,0.0,0.0,0.0,1.0,0.0,0.0,0.896629075934452,0.7289939037591884,0.2500000000000001,0.9330127018922194,0.3964807197586972,0.9894932136984012,6,6,13,8,8,6.0
2815,2002-04-14,Haze,0.451219512195122,0.0,0.0,0.34375,0.2313432835820901,0.0,0.0,28.5,0.0,0.0,0.025833333333333333,0.0,2002.0,4.0,15.0,14.0,20.5,1.0,0.0,0.0,0.0,0.0,0.0,1.0,0.0,0.0,0.8017766952966369,0.10671695375725343,0.2500000000000001,0.9330127018922194,0.3964807197586972,0.9894932136984012,8,6,8,6,1,7.0
2819,2002-04-15,Haze,0.47154471544715454,0.0,0.0,0.3819444444444444,0.23880597014925442,0.0,0.0,28.0,0.0,0.0,0.03333333333333333,0.03333333333333333,2002.0,4.0,16.0,15.0,22.0,1.0,0.0,0.0,0.0,0.0,0.0,1.0,0.0,0.0,0.923176335210009,0.2556790289518217,0.2500000000000001,0.9330127018922193,0.33928487657653067,0.9738712838945128,9,7,9,8,2,7.0
2823,2002-04-16,Haze,0.34451219512195125,0.0,0.0,0.26562499999999994,0.23973880597014974,0.0,0.0,27.5,0.0,0.0,0.036458333333333336,0.14408783783783785,2002.0,4.0,16.0,16.0,11.5,1.0,0.0,0.0,0.0,0.0,0.0,1.0,0.0,0.0,0.9111322514075068,0.44587341226347244,0.25000000000000006,0.9330127018922195,0.33928487657653067,0.9738712838945129,4,4,9,9,6,6.0
2827,2002-04-17,Haze,0.41463414634146345,0.0,0.0,0.3020833333333333,0.2462686567164183,0.0,0.0,29.0,0.0,0.0,0.025833333333333333,0.2756756756756757,2002.0,4.0,16.0,17.0,2.0,1.0,0.0,0.0,0.0,0.0,0.0,1.0,0.0,0.0,0.875,0.7165063509461096,0.2500000000000001,0.9330127018922194,0.33928487657653067,0.9738712838945128,7,5,10,6,10,7.0
2831,2002-04-18,Haze,0.351219512195122,0.0,0.0,0.21875,0.23432835820895584,0.0,0.0,30.8,0.0,0.0,0.044666666666666674,0.22054054054054056,2002.0,4.0,16.0,18.0,14.2,1.0,0.0,0.0,0.0,0.0,0.0,1.0,0.0,0.0,0.8380139388662163,0.4741180954897478,0.2500000000000001,0.9330127018922194,0.33928487657653067,0.9738712838945128,5,3,9,11,8,7.0
2835,2002-04-19,Haze,0.326829268292683,0.0,0.0,0.24583333333333335,0.24029850746268727,0.0,0.0,27.8,0.0,0.0,0.03266666666666666,0.10054054054054055,2002.0,4.0,16.0,19.0,13.6,1.0,0.0,0.0,0.0,0.0,0.0,1.0,0.0,0.0,0.9163902460147014,0.41339745962155605,0.2500000000000001,0.9330127018922194,0.33928487657653067,0.9738712838945128,4,4,9,8,4,6.0
2838,2002-04-20,Clear,0.3170731707317074,0.0,0.0,0.11458333333333334,0.26119402985074647,0.0,0.0,38.0,0.0,0.0,0.05,0.15135135135135136,2002.0,4.0,16.0,20.0,4.0,1.0,0.0,0.0,0.0,0.0,0.0,1.0,0.0,0.0,0.75,0.9330127018922193,0.2500000000000001,0.9330127018922194,0.33928487657653067,0.9738712838945128,3,1,12,13,6,10.0
2842,2002-04-21,Haze,0.2987804878048781,0.0,0.0,0.1953125,0.20895522388059717,0.0,0.0,29.5,0.0,0.0,0.03958333333333333,0.1256756756756757,2002.0,4.0,16.0,21.0,21.5,1.0,0.0,0.0,0.0,0.0,0.0,1.0,0.0,0.0,0.8798822514075066,0.20850609624081146,0.2500000000000001,0.9330127018922194,0.33928487657653067,0.9738712838945128,3,3,6,10,5,7.0
2846,2002-04-22,Haze,0.3116531165311654,0.0,0.0,0.18055555555555555,0.21475953565505831,0.0,0.0,31.555555555555557,0.0,0.0,0.041666666666666664,0.23363363363363363,2002.0,4.0,17.0,22.0,10.666666666666666,1.0,0.0,0.0,0.0,0.0,0.0,1.0,0.0,0.0,0.8932286679177839,0.4999999999999999,0.25000000000000006,0.9330127018922195,0.28433895247910307,0.9515972400034103,3,2,6,11,9,8.0
2850,2002-04-23,Haze,0.5073170731707318,0.0,0.0,0.38541666666666663,0.21044776119403003,0.0,0.0,30.0,0.0,0.0,0.039,0.45999999999999996,2002.0,4.0,17.0,23.0,17.2,1.0,0.0,0.0,0.0,0.0,0.0,1.0,0.0,0.0,0.9039058011260055,0.26680487699264915,0.2500000000000001,0.9330127018922194,0.284338952479103,0.9515972400034103,10,7,6,10,16,7.0
2854,2002-04-24,Haze,0.5975609756097562,0.0,0.0,0.5416666666666667,0.22014925373134364,0.0,0.0,28.0,0.0,0.0,0.042499999999999996,0.55,2002.0,4.0,17.0,24.0,0.5,1.0,0.0,0.0,0.0,0.0,0.0,1.0,0.0,0.0,0.991481456572267,0.5647047612756302,0.2500000000000001,0.9330127018922194,0.284338952479103,0.9515972400034103,13,11,7,11,19,7.0
2858,2002-04-25,Haze,0.475609756097561,0.0,0.0,0.48177083333333326,0.22947761194029903,0.0,0.0,24.5,0.0,0.0,0.04791666666666667,0.20067567567567568,2002.0,4.0,17.0,25.0,21.5,1.0,0.0,0.0,0.0,0.0,0.0,1.0,0.0,0.0,0.8798822514075066,0.20850609624081146,0.2500000000000001,0.9330127018922194,0.284338952479103,0.9515972400034103,9,10,8,12,7,5.0
2862,2002-04-26,Haze,0.34146341463414637,0.0,0.0,0.24999999999999997,0.2238805970149258,0.0,0.0,28.0,0.0,0.0,0.03666666666666667,0.1,2002.0,4.0,17.0,26.0,20.0,1.0,0.0,0.0,0.0,0.0,0.0,1.0,0.0,0.0,0.75,0.0669872981077807,0.2500000000000001,0.9330127018922194,0.284338952479103,0.9515972400034103,4,4,7,9,4,7.0
2866,2002-04-27,Partly Cloudy,0.4390243902439025,0.0,0.0,0.3177083333333333,0.1958955223880603,0.0,0.0,29.25,0.0,0.0,0.035,0.5756756756756757,2002.0,4.0,17.0,27.0,21.5,1.0,0.0,0.0,0.0,0.0,0.0,1.0,0.0,0.0,0.8798822514075066,0.20850609624081146,0.2500000000000001,0.9330127018922194,0.284338952479103,0.9515972400034103,8,6,4,9,19,7.0
2870,2002-04-28,Clear,0.34959349593495936,0.0,0.0,0.234375,0.20895522388059717,0.0,0.0,29.666666666666668,0.0,0.0,0.03444444444444444,0.3033033033033033,2002.0,4.0,17.0,28.0,15.5,1.0,0.0,0.0,0.0,0.0,0.0,1.0,0.0,0.0,0.8538470660372167,0.4367650795747899,0.25000000000000006,0.9330127018922195,0.28433895247910307,0.9515972400034104,5,4,6,8,11,7.0
2874,2002-04-29,Haze,0.3797909407665506,0.0,0.0,0.28869047619047616,0.22068230277185538,0.0,0.0,28.0,0.0,0.0,0.029761904761904764,0.07265122265122266,2002.0,4.0,18.0,29.0,7.714285714285714,1.0,0.0,0.0,0.0,0.0,0.0,1.0,0.0,0.0,0.9080064727668337,0.5975732431274599,0.25000000000000006,0.9330127018922195,0.2324142677977912,0.9229837607760186,6,5,7,7,3,7.0
2878,2002-04-30,Clear,0.21951219512195125,0.0,0.0,0.13541666666666666,0.2313432835820901,0.0,0.0,31.0,0.0,0.0,0.021666666666666667,0.15135135135135136,2002.0,4.0,18.0,30.0,3.0,1.0,0.0,0.0,0.0,0.0,0.0,1.0,0.0,0.0,0.8535533905932737,0.8535533905932737,0.2500000000000001,0.9330127018922194,0.23241426779779123,0.9229837607760186,0,1,8,5,6,8.0
4202,2003-04-01,Clear,0.5121951219512195,0.0,0.0,0.71875,0.25373134328358216,0.0,0.0,20.0,0.0,0.0,0.02333333333333333,0.2513513513513514,2003.0,4.0,14.0,1.0,1.0,1.0,0.0,0.0,0.0,0.0,0.0,1.0,0.0,0.0,0.9829629131445341,0.6294095225512604,0.2500000000000001,0.9330127018922194,0.4551235777621594,0.9982437317643214,10,15,11,5,9,4.0
4206,2003-04-02,Clear,0.5,0.0,0.0,0.7447916666666667,0.23507462686567226,0.0,0.0,19.0,0.0,0.0,0.019166666666666665,0.15000000000000002,2003.0,4.0,14.0,2.0,0.5,1.0,0.0,0.0,0.0,0.0,0.0,1.0,0.0,0.0,0.991481456572267,0.5647047612756302,0.2500000000000001,0.9330127018922194,0.4551235777621594,0.9982437317643214,10,16,9,4,6,4.0
4210,2003-04-03,Haze,0.4308943089430895,0.0,0.0,0.40972222222222215,0.20398009950248763,0.0,0.0,25.333333333333332,0.0,0.0,0.05833333333333333,0.5504504504504505,2003.0,4.0,14.0,3.0,21.0,1.0,0.0,0.0,0.0,0.0,0.0,1.0,0.0,0.0,0.8455220308284975,0.15447796917150222,0.2500000000000001,0.9330127018922193,0.4551235777621594,0.9982437317643212,7,8,5,16,19,6.0
4214,2003-04-04,Haze,0.48373983739837406,0.0,0.0,0.4930555555555555,0.25248756218905505,0.0,0.0,24.666666666666668,0.0,0.0,0.05388888888888888,0.2256756756756757,2003.0,4.0,14.0,4.0,14.833333333333334,1.0,0.0,0.0,0.0,0.0,0.0,1.0,0.0,0.0,0.9059174367777968,0.36890565125241775,0.25000000000000006,0.9330127018922195,0.4551235777621594,0.9982437317643215,9,10,11,14,8,5.0
4218,2003-04-05,Clear,0.4634146341463415,0.0,0.0,0.32291666666666663,0.2835820895522394,0.0,0.0,30.0,0.0,0.0,0.058333333333333334,0.4,2003.0,4.0,14.0,5.0,4.0,1.0,0.0,0.0,0.0,0.0,0.0,1.0,0.0,0.0,0.75,0.9330127018922193,0.2500000000000001,0.9330127018922194,0.4551235777621594,0.9982437317643214,9,6,14,16,14,7.0
4222,2003-04-06,Haze,0.36314363143631434,0.0,0.0,0.3946759259259259,0.28772802653399715,0.0,0.0,22.666666666666668,0.0,0.0,0.042777777777777776,0.35615615615615615,2003.0,4.0,14.0,6.0,10.666666666666666,1.0,0.0,0.0,0.0,0.0,0.0,1.0,0.0,0.0,0.8932286679177839,0.4999999999999999,0.25000000000000006,0.9330127018922195,0.4551235777621594,0.9982437317643215,5,7,14,11,13,5.0
4226,2003-04-07,Haze,0.38211382113821135,0.0,0.0,0.44965277777777773,0.28233830845771185,0.0,0.0,21.333333333333332,0.0,0.0,0.0375,0.17567567567567569,2003.0,4.0,15.0,7.0,14.5,1.0,0.0,0.0,0.0,0.0,0.0,1.0,0.0,0.0,0.9170819864624268,0.327238984585751,0.25000000000000006,0.9330127018922195,0.3964807197586972,0.989493213698401,6,9,14,9,7,4.0
4230,2003-04-08,Haze,0.3597560975609756,0.0,0.0,0.36718749999999994,0.27798507462686617,0.0,0.0,23.75,0.0,0.0,0.045,0.2,2003.0,4.0,15.0,8.0,1.75,1.0,0.0,0.0,0.0,0.0,0.0,1.0,0.0,0.0,0.9164939037591884,0.7031055561108699,0.2500000000000001,0.9330127018922194,0.3964807197586972,0.9894932136984012,5,7,13,12,7,5.0
4234,2003-04-09,Haze,0.3821138211382114,0.0,0.0,0.31249999999999994,0.25373134328358277,0.0,0.0,28.0,0.0,0.0,0.03333333333333333,0.06666666666666667,2003.0,4.0,15.0,9.0,16.333333333333332,1.0,0.0,0.0,0.0,0.0,0.0,1.0,0.0,0.0,0.8886585383455845,0.5178677264469861,0.2500000000000001,0.9330127018922193,0.3964807197586972,0.9894932136984012,6,6,11,8,3,7.0
4238,2003-04-10,Clear,0.4390243902439025,0.0,0.0,0.33072916666666663,0.25373134328358216,0.0,0.0,28.75,0.0,0.0,0.023333333333333334,0.07500000000000001,2003.0,4.0,15.0,10.0,21.5,1.0,0.0,0.0,0.0,0.0,0.0,1.0,0.0,0.0,0.8798822514075066,0.20850609624081146,0.2500000000000001,0.9330127018922194,0.3964807197586972,0.9894932136984012,8,6,11,5,3,7.0
4242,2003-04-11,Clear,0.3853658536585366,0.0,0.0,0.26875,0.2686567164179108,0.0,0.0,30.2,0.0,0.0,0.02266666666666667,0.07027027027027027,2003.0,4.0,15.0,11.0,2.0,1.0,0.0,0.0,0.0,0.0,0.0,1.0,0.0,0.0,0.9039058011260055,0.7331951230073506,0.2500000000000001,0.9330127018922194,0.3964807197586972,0.989493213698401,6,4,12,5,3,7.0
4246,2003-04-12,Haze,0.36585365853658536,0.0,0.0,0.26041666666666663,0.24253731343283658,0.0,0.0,29.0,0.0,0.0,0.03305555555555555,0.34234234234234234,2003.0,4.0,15.0,12.0,10.0,1.0,0.0,0.0,0.0,0.0,0.0,1.0,0.0,0.0,0.875,0.28349364905389035,0.2500000000000001,0.9330127018922194,0.3964807197586972,0.9894932136984012,5,4,9,8,12,7.0
4250,2003-04-13,Clear,0.41463414634146345,0.0,0.0,0.24999999999999997,0.25000000000000044,0.0,0.0,32.0,0.0,0.0,0.033749999999999995,0.5945945945945946,2003.0,4.0,15.0,13.0,2.5,1.0,0.0,0.0,0.0,0.0,0.0,1.0,0.0,0.0,0.8798822514075069,0.7914939037591883,0.2500000000000001,0.9330127018922194,0.3964807197586972,0.9894932136984012,7,4,10,8,19,8.0
4254,2003-04-14,Haze,0.34959349593495936,0.0,0.0,0.23611111111111105,0.25373134328358254,0.0,0.0,29.77777777777778,0.0,0.0,0.034444444444444444,0.29489489489489495,2003.0,4.0,16.0,14.0,10.666666666666666,1.0,0.0,0.0,0.0,0.0,0.0,1.0,0.0,0.0,0.8932286679177839,0.4999999999999999,0.25000000000000006,0.9330127018922195,0.33928487657653067,0.9738712838945128,5,4,11,8,11,7.0
4258,2003-04-15,Haze,0.43089430894308944,0.0,0.0,0.3385416666666666,0.24378109452736382,0.0,0.0,28.0,0.0,0.0,0.029444444444444443,0.17567567567567569,2003.0,4.0,16.0,15.0,8.5,1.0,0.0,0.0,0.0,0.0,0.0,1.0,0.0,0.0,0.9475841034444635,0.5589255650988788,0.25000000000000006,0.9330127018922195,0.33928487657653067,0.9738712838945128,7,6,10,7,7,7.0
4262,2003-04-16,Haze,0.47154471544715443,0.0,0.0,0.34722222222222215,0.25124378109452766,0.0,0.0,29.333333333333332,0.0,0.0,0.02888888888888889,0.08378378378378377,2003.0,4.0,16.0,16.0,13.666666666666666,1.0,0.0,0.0,0.0,0.0,0.0,1.0,0.0,0.0,0.867851130197758,0.23781130250483562,0.2500000000000001,0.9330127018922193,0.33928487657653067,0.9738712838945128,9,6,10,7,3,7.0
4266,2003-04-17,Haze,0.34146341463414637,0.0,0.0,0.2638888888888889,0.2412935323383092,0.0,0.0,27.666666666666668,0.0,0.0,0.05555555555555556,0.20000000000000004,2003.0,4.0,16.0,17.0,21.333333333333332,1.0,0.0,0.0,0.0,0.0,0.0,1.0,0.0,0.0,0.8621721012459359,0.19467479498774867,0.2500000000000001,0.9330127018922193,0.33928487657653067,0.9738712838945128,4,4,9,15,7,6.0
4270,2003-04-18,Haze,0.3739837398373984,0.0,0.0,0.3263888888888889,0.2412935323383092,0.0,0.0,25.666666666666668,0.0,0.0,0.028333333333333332,0.050450450450450456,2003.0,4.0,16.0,18.0,1.0,1.0,0.0,0.0,0.0,0.0,0.0,1.0,0.0,0.0,0.9719918716789179,0.6264698408504201,0.2500000000000001,0.9330127018922193,0.33928487657653067,0.9738712838945128,5,6,9,7,2,6.0
4274,2003-04-19,Clear,0.3902439024390244,0.0,0.0,0.3645833333333333,0.2238805970149258,0.0,0.0,25.0,0.0,0.0,0.04,0.2513513513513514,2003.0,4.0,16.0,19.0,23.0,1.0,0.0,0.0,0.0,0.0,0.0,1.0,0.0,0.0,0.9829629131445341,0.3705904774487392,0.2500000000000001,0.9330127018922194,0.33928487657653067,0.9738712838945128,6,7,7,10,9,6.0
4278,2003-04-20,Clear,0.31219512195121957,0.0,0.0,0.25625,0.23880597014925442,0.0,0.0,26.8,0.0,0.0,0.03066666666666667,0.05027027027027028,2003.0,4.0,16.0,20.0,17.2,1.0,0.0,0.0,0.0,0.0,0.0,1.0,0.0,0.0,0.9039058011260055,0.26680487699264915,0.2500000000000001,0.9330127018922194,0.33928487657653067,0.9738712838945128,3,4,9,7,2,6.0
4282,2003-04-21,Clear,0.3658536585365854,0.0,0.0,0.29166666666666663,0.25746268656716453,0.0,0.0,27.5,0.0,0.0,0.021666666666666667,0.11283783783783785,2003.0,4.0,17.0,21.0,1.75,1.0,0.0,0.0,0.0,0.0,0.0,1.0,0.0,0.0,0.9164939037591884,0.7031055561108699,0.2500000000000001,0.9330127018922194,0.284338952479103,0.9515972400034103,5,5,11,5,4,6.0
4286,2003-04-22,Haze,0.32317073170731714,0.0,0.0,0.29166666666666663,0.2406716417910455,0.0,0.0,25.25,0.0,0.0,0.027083333333333334,0.1256756756756757,2003.0,4.0,17.0,22.0,21.5,1.0,0.0,0.0,0.0,0.0,0.0,1.0,0.0,0.0,0.8798822514075066,0.20850609624081146,0.2500000000000001,0.9330127018922194,0.284338952479103,0.9515972400034103,4,5,9,6,5,6.0
4290,2003-04-23,Haze,0.3073170731707317,0.0,0.0,0.2020833333333333,0.23880597014925425,0.0,0.0,29.6,0.0,0.0,0.036333333333333336,0.18054054054054053,2003.0,4.0,17.0,23.0,18.0,1.0,0.0,0.0,0.0,0.0,0.0,1.0,0.0,0.0,0.8539058011260054,0.353407417371093,0.2500000000000001,0.9330127018922194,0.284338952479103,0.9515972400034103,3,3,9,9,7,7.0
4294,2003-04-24,Haze,0.2987804878048781,0.0,0.0,0.1953125,0.2462686567164185,0.0,0.0,29.75,0.0,0.0,0.04291666666666666,0.18783783783783786,2003.0,4.0,17.0,24.0,1.5,1.0,0.0,0.0,0.0,0.0,0.0,1.0,0.0,0.0,0.9423822514075069,0.6832407282861335,0.2500000000000001,0.9330127018922194,0.284338952479103,0.9515972400034103,3,3,10,11,7,7.0
4298,2003-04-25,Clear,0.36585365853658536,0.0,0.0,0.26041666666666663,0.2238805970149258,0.0,0.0,29.0,0.0,0.0,0.03333333333333333,0.0,2003.0,4.0,17.0,25.0,0.0,1.0,0.0,0.0,0.0,0.0,0.0,1.0,0.0,0.0,1.0,0.5,0.2500000000000001,0.9330127018922194,0.284338952479103,0.9515972400034103,5,4,7,8,1,7.0
4302,2003-04-26,Clear,0.34146341463414637,0.0,0.0,0.15625,0.2238805970149258,0.0,0.0,35.0,0.0,0.0,0.035,0.2513513513513514,2003.0,4.0,17.0,26.0,3.0,1.0,0.0,0.0,0.0,0.0,0.0,1.0,0.0,0.0,0.8535533905932737,0.8535533905932737,0.2500000000000001,0.9330127018922194,0.284338952479103,0.9515972400034103,4,2,7,9,9,9.0
4306,2003-04-27,Haze,0.5060975609756098,0.0,0.0,0.5911458333333334,0.2406716417910455,0.0,0.0,22.75,0.0,0.0,0.05416666666666667,0.2628378378378379,2003.0,4.0,17.0,27.0,21.5,1.0,0.0,0.0,0.0,0.0,0.0,1.0,0.0,0.0,0.8798822514075066,0.20850609624081146,0.2500000000000001,0.9330127018922194,0.284338952479103,0.9515972400034103,10,12,9,14,10,5.0
4310,2003-04-28,Haze,0.4715447154471545,0.0,0.0,0.4537037037037038,0.25207296849087946,0.0,0.0,25.555555555555557,0.0,0.0,0.054814814814814816,0.21711711711711715,2003.0,4.0,18.0,28.0,10.666666666666666,1.0,0.0,0.0,0.0,0.0,0.0,1.0,0.0,0.0,0.8932286679177839,0.4999999999999999,0.25000000000000006,0.9330127018922195,0.2324142677977912,0.9229837607760187,9,9,11,14,8,6.0
4314,2003-04-29,Haze,0.4552845528455285,0.0,0.0,0.3564814814814815,0.2587064676616917,0.0,0.0,28.333333333333332,0.0,0.0,0.04814814814814815,0.21171171171171174,2003.0,4.0,18.0,29.0,10.666666666666666,1.0,0.0,0.0,0.0,0.0,0.0,1.0,0.0,0.0,0.8932286679177839,0.4999999999999999,0.25000000000000006,0.9330127018922195,0.2324142677977912,0.9229837607760187,8,7,11,12,8,7.0
4318,2003-04-30,Clear,0.4634146341463415,0.0,0.0,0.26562499999999994,0.2761194029850751,0.0,0.0,33.0,0.0,0.0,0.058333333333333334,0.5756756756756758,2003.0,4.0,18.0,30.0,3.5,1.0,0.0,0.0,0.0,0.0,0.0,1.0,0.0,0.0,0.8017766952966369,0.8932830462427466,0.2500000000000001,0.9330127018922194,0.23241426779779123,0.9229837607760186,9,4,13,16,19,8.0
5664,2004-04-01,Haze,0.3089430894308944,0.0,0.0,0.19791666666666666,0.28109452736318463,0.0,0.0,30.0,0.0,0.0,0.04055555555555555,0.3,2004.0,4.0,14.0,1.0,3.6666666666666665,1.0,0.0,0.0,0.0,0.0,0.0,1.0,0.0,0.0,0.7845177968644247,0.9065262647925708,0.2500000000000001,0.9330127018922193,0.4551235777621594,0.9982437317643212,3,3,14,10,11,7.0
5668,2004-04-02,Haze,0.38414634146341464,0.0,0.0,0.37239583333333326,0.25373134328358216,0.0,0.0,24.25,0.0,0.0,0.03666666666666667,0.025,2004.0,4.0,14.0,2.0,22.5,1.0,0.0,0.0,0.0,0.0,0.0,1.0,0.0,0.0,0.9579878075183765,0.3102952387243695,0.2500000000000001,0.9330127018922194,0.4551235777621594,0.9982437317643214,6,7,11,9,1,5.0
5672,2004-04-03,Haze,0.41463414634146345,0.0,0.0,0.40625,0.25373134328358216,0.0,0.0,24.5,0.0,0.0,0.03666666666666667,0.0,2004.0,4.0,14.0,3.0,0.0,1.0,0.0,0.0,0.0,0.0,0.0,1.0,0.0,0.0,1.0,0.5,0.2500000000000001,0.9330127018922194,0.4551235777621594,0.9982437317643214,7,8,11,9,1,5.0
5676,2004-04-04,Haze,0.40069686411149824,0.0,0.0,0.29761904761904756,0.25373134328358216,0.0,0.0,28.428571428571427,0.0,0.0,0.048333333333333325,0.12200772200772202,2004.0,4.0,14.0,4.0,21.714285714285715,1.0,0.0,0.0,0.0,0.0,0.0,1.0,0.0,0.0,0.8984368587514362,0.22872306740267298,0.25000000000000006,0.9330127018922195,0.4551235777621594,0.9982437317643215,6,5,11,13,5,7.0
5680,2004-04-05,Haze,0.4094076655052266,0.0,0.0,0.34151785714285704,0.24893390191897705,0.0,0.0,26.785714285714285,0.0,0.0,0.04511904761904762,0.1001930501930502,2004.0,4.0,15.0,5.0,12.714285714285714,1.0,0.0,0.0,0.0,0.0,0.0,1.0,0.0,0.0,0.9193578029523971,0.3876334153592152,0.25000000000000006,0.9330127018922193,0.3964807197586972,0.9894932136984008,7,6,10,12,4,6.0
5684,2004-04-06,Haze,0.43615494978479213,0.0,0.0,0.3419117647058824,0.24231782265144902,0.0,0.0,28.352941176470587,0.0,0.0,0.04990196078431372,0.11192368839427663,2004.0,4.0,15.0,6.0,11.235294117647058,1.0,0.0,0.0,0.0,0.0,0.0,1.0,0.0,0.0,0.8879501829044455,0.4923876751440434,0.25000000000000006,0.9330127018922192,0.39648071975869725,0.9894932136984008,8,6,9,13,4,7.0
5688,2004-04-07,Haze,0.4124168514412416,0.0,0.0,0.2850378787878788,0.23032564450474952,0.0,0.0,30.272727272727273,0.0,0.0,0.04196969696969698,0.1371007371007371,2004.0,4.0,15.0,7.0,16.0,1.0,0.0,0.0,0.0,0.0,0.0,1.0,0.0,0.0,0.889914364660005,0.3273692247107919,0.25000000000000006,0.9330127018922194,0.39648071975869714,0.9894932136984008,7,5,8,11,5,7.0
5692,2004-04-08,Haze,0.4390243902439025,0.0,0.0,0.3098958333333333,0.23973880597014996,0.0,0.0,29.75,0.0,0.0,0.041249999999999995,0.33851351351351355,2004.0,4.0,15.0,8.0,0.75,1.0,0.0,0.0,0.0,0.0,0.0,1.0,0.0,0.0,0.9789939037591884,0.5948523806378151,0.2500000000000001,0.9330127018922194,0.3964807197586972,0.9894932136984012,8,5,9,10,12,7.0
5696,2004-04-09,Haze,0.5073170731707318,0.0,0.0,0.434375,0.2291044776119408,0.0,0.0,28.1,0.0,0.0,0.04666666666666667,0.17540540540540542,2004.0,4.0,15.0,9.0,16.1,1.0,0.0,0.0,0.0,0.0,0.0,1.0,0.0,0.0,0.845959869996111,0.41376275643042043,0.25000000000000006,0.9330127018922194,0.39648071975869714,0.9894932136984009,10,8,8,12,7,7.0
5700,2004-04-10,Haze,0.4648493543758968,0.0,0.0,0.3854166666666666,0.24100087796312616,0.0,0.0,28.235294117647058,0.0,0.0,0.038137254901960786,0.1313195548489666,2004.0,4.0,15.0,10.0,11.294117647058824,1.0,0.0,0.0,0.0,0.0,0.0,1.0,0.0,0.0,0.8869480013247122,0.5,0.25000000000000006,0.9330127018922192,0.39648071975869725,0.9894932136984008,9,7,9,9,5,7.0
5704,2004-04-11,Haze,0.37073170731707317,0.0,0.0,0.3083333333333333,0.243283582089553,0.0,0.0,26.4,0.0,0.0,0.04133333333333333,0.14054054054054055,2004.0,4.0,15.0,11.0,0.8,1.0,0.0,0.0,0.0,0.0,0.0,1.0,0.0,0.0,0.9797877056362575,0.6017638090205042,0.2500000000000001,0.9330127018922194,0.3964807197586972,0.989493213698401,5,5,10,10,5,6.0
5708,2004-04-12,Smoke,0.3228120516499283,0.0,0.0,0.24754901960784306,0.22739244951712076,0.0,0.0,27.647058823529413,0.0,0.0,0.03549019607843136,0.13561208267090621,2004.0,4.0,16.0,12.0,10.058823529411764,1.0,0.0,0.0,0.0,0.0,0.0,1.0,0.0,0.0,0.895562507760402,0.5207972582701925,0.25000000000000006,0.9330127018922192,0.33928487657653067,0.9738712838945126,4,4,8,9,5,6.0
5712,2004-04-13,Haze,0.34552845528455284,0.0,0.0,0.24131944444444442,0.18656716417910513,0.0,0.0,28.833333333333332,0.0,0.0,0.048472222222222215,0.3175675675675676,2004.0,4.0,16.0,13.0,21.833333333333332,1.0,0.0,0.0,0.0,0.0,0.0,1.0,0.0,0.0,0.9099331166601847,0.23842013051960942,0.25000000000000006,0.9330127018922195,0.33928487657653067,0.9738712838945128,4,4,3,13,12,7.0
5716,2004-04-14,Clear,0.31219512195121957,0.0,0.0,0.25416666666666665,0.18805970149253798,0.0,0.0,26.6,0.0,0.0,0.03166666666666666,0.25081081081081086,2004.0,4.0,16.0,14.0,22.2,1.0,0.0,0.0,0.0,0.0,0.0,1.0,0.0,0.0,0.937100924133356,0.2775255128608408,0.2500000000000001,0.9330127018922194,0.33928487657653067,0.9738712838945128,3,4,4,8,9,6.0
5720,2004-04-15,Haze,0.35060975609756106,0.0,0.0,0.27473958333333326,0.19496268656716487,0.0,0.0,27.25,0.0,0.0,0.03458333333333333,0.06891891891891892,2004.0,4.0,16.0,15.0,21.5,1.0,0.0,0.0,0.0,0.0,0.0,1.0,0.0,0.0,0.8798822514075066,0.20850609624081146,0.25000000000000006,0.9330127018922195,0.33928487657653067,0.9738712838945129,5,5,4,8,3,6.0
5724,2004-04-16,Haze,0.3414634146341465,0.0,0.0,0.20891203703703706,0.19859038142620275,0.0,0.0,31.0,0.0,0.0,0.044629629629629616,0.18543543543543548,2004.0,4.0,16.0,16.0,10.666666666666666,1.0,0.0,0.0,0.0,0.0,0.0,1.0,0.0,0.0,0.8932286679177837,0.5,0.25000000000000006,0.9330127018922192,0.33928487657653067,0.9738712838945127,4,3,5,11,7,8.0
5728,2004-04-17,Haze,0.3789868667917449,0.0,0.0,0.2427884615384615,0.19919632606199789,0.0,0.0,30.923076923076923,0.0,0.0,0.0417948717948718,0.2465696465696466,2004.0,4.0,16.0,17.0,13.538461538461538,1.0,0.0,0.0,0.0,0.0,0.0,1.0,0.0,0.0,0.9183074261108725,0.35975906269453944,0.25000000000000006,0.9330127018922193,0.33928487657653067,0.9738712838945127,6,4,5,11,9,7.0
5732,2004-04-18,Clear,0.35772357723577236,0.0,0.0,0.26215277777777773,0.20273631840796025,0.0,0.0,28.166666666666668,0.0,0.0,0.034166666666666665,0.08378378378378377,2004.0,4.0,16.0,18.0,21.333333333333332,1.0,0.0,0.0,0.0,0.0,0.0,1.0,0.0,0.0,0.8670902845870411,0.19183528051183774,0.25000000000000006,0.9330127018922195,0.33928487657653067,0.9738712838945128,5,4,5,8,3,7.0
5736,2004-04-19,Clear,0.32791327913279134,0.0,0.0,0.21527777777777776,0.22553897180762897,0.0,0.0,29.88888888888889,0.0,0.0,0.0537962962962963,0.3282282282282283,2004.0,4.0,17.0,19.0,2.2222222222222223,1.0,0.0,0.0,0.0,0.0,0.0,1.0,0.0,0.0,0.8932286679177839,0.7591056922303898,0.25000000000000006,0.9330127018922195,0.28433895247910307,0.9515972400034103,4,3,8,14,12,7.0
5740,2004-04-20,Haze,0.5914634146341463,0.0,0.0,0.46744791666666663,0.24720149253731416,0.0,0.0,30.375,0.0,0.0,0.04645833333333333,0.3380067567567568,2004.0,4.0,17.0,20.0,18.75,1.0,0.0,0.0,0.0,0.0,0.0,1.0,0.0,0.0,0.8882556636709793,0.23975609624081148,0.25000000000000006,0.9330127018922195,0.28433895247910307,0.9515972400034104,13,9,10,12,12,7.0
5744,2004-04-21,Haze,0.5674796747967481,0.0,0.0,0.42361111111111105,0.23781094527363209,0.0,0.0,30.733333333333334,0.0,0.0,0.049841269841269846,0.29711711711711714,2004.0,4.0,17.0,21.0,10.933333333333334,1.0,0.0,0.0,0.0,0.0,0.0,1.0,0.0,0.0,0.8872391344593387,0.46839040879719906,0.25000000000000006,0.9330127018922192,0.28433895247910307,0.9515972400034104,12,8,9,13,11,7.0
5748,2004-04-22,Haze,0.5534709193245779,0.0,0.0,0.5689102564102565,0.22675086107921977,0.0,0.0,25.692307692307693,0.0,0.0,0.058012820512820515,0.13316008316008318,2004.0,4.0,17.0,22.0,13.538461538461538,1.0,0.0,0.0,0.0,0.0,0.0,1.0,0.0,0.0,0.9183074261108725,0.35975906269453944,0.25000000000000006,0.9330127018922193,0.28433895247910307,0.9515972400034104,12,12,8,15,5,6.0
5752,2004-04-23,Haze,0.5746951219512194,0.0,0.0,0.6041666666666666,0.2332089552238812,0.0,0.0,25.375,0.0,0.0,0.048177083333333315,0.1285472972972973,2004.0,4.0,17.0,23.0,11.5625,1.0,0.0,0.0,0.0,0.0,0.0,1.0,0.0,0.0,0.9046601644954271,0.4508396192196566,0.25000000000000006,0.9330127018922192,0.28433895247910307,0.9515972400034104,12,12,8,12,5,6.0
5756,2004-04-24,Haze,0.5435540069686413,0.0,0.0,0.6443452380952381,0.25000000000000017,0.0,0.0,23.071428571428573,0.0,0.0,0.04404761904761904,0.2575289575289576,2004.0,4.0,17.0,24.0,13.071428571428571,1.0,0.0,0.0,0.0,0.0,0.0,1.0,0.0,0.0,0.8913662646850812,0.424112698254037,0.25000000000000006,0.9330127018922193,0.28433895247910307,0.9515972400034104,11,13,10,11,9,5.0
5760,2004-04-25,Haze,0.5411585365853657,0.0,0.0,0.5657552083333333,0.26026119402985093,0.0,0.0,25.1875,0.0,0.0,0.04322916666666666,0.2506756756756757,2004.0,4.0,17.0,25.0,11.6875,1.0,0.0,0.0,0.0,0.0,0.0,1.0,0.0,0.0,0.8932218706271634,0.4622779130879203,0.25000000000000006,0.9330127018922192,0.28433895247910307,0.9515972400034104,11,12,11,11,9,6.0
5764,2004-04-26,Haze,0.5538020086083213,0.0,0.0,0.5196078431372548,0.2576821773485519,0.0,0.0,26.941176470588236,0.0,0.0,0.0542156862745098,0.27090620031796503,2004.0,4.0,18.0,26.0,11.117647058823529,1.0,0.0,0.0,0.0,0.0,0.0,1.0,0.0,0.0,0.8955625077604019,0.47920274172980737,0.25000000000000006,0.9330127018922192,0.23241426779779129,0.9229837607760186,12,10,11,14,10,6.0
5768,2004-04-27,Haze,0.5219512195121953,0.0,0.0,0.40833333333333327,0.2452736318407964,0.0,0.0,29.266666666666666,0.0,0.0,0.05888888888888889,0.42072072072072075,2004.0,4.0,18.0,27.0,9.6,1.0,0.0,0.0,0.0,0.0,0.0,1.0,0.0,0.0,0.8872391344593387,0.5017237421305324,0.25000000000000006,0.9330127018922192,0.23241426779779129,0.9229837607760186,11,8,10,16,15,7.0
5772,2004-04-28,Haze,0.5670731707317073,0.0,0.0,0.47265624999999994,0.22248134328358238,0.0,0.0,29.0625,0.0,0.0,0.045833333333333344,0.6505067567567567,2004.0,4.0,18.0,28.0,11.5625,1.0,0.0,0.0,0.0,0.0,0.0,1.0,0.0,0.0,0.9046601644954271,0.4508396192196566,0.25000000000000006,0.9330127018922192,0.23241426779779129,0.9229837607760186,12,9,7,12,19,7.0
5776,2004-04-29,Drizzle,0.5609756097560976,0.0,0.0,0.8229166666666666,0.2238805970149258,0.0,0.0,20.0,0.0,0.0,0.03333333333333333,0.5,2004.0,4.0,18.0,29.0,21.0,1.0,0.0,0.0,0.0,0.0,0.0,1.0,0.0,0.0,0.8535533905932737,0.14644660940672616,0.2500000000000001,0.9330127018922194,0.23241426779779123,0.9229837607760186,12,18,7,8,18,4.0
5780,2004-04-30,Haze,0.5341463414634147,0.0,0.0,0.7677083333333332,0.238059701492538,0.0,0.0,20.0,0.0,0.0,0.05283333333333334,0.38027027027027027,2004.0,4.0,18.0,30.0,18.0,1.0,0.0,0.0,0.0,0.0,0.0,1.0,0.0,0.0,0.8539058011260053,0.35340741737109305,0.25000000000000006,0.9330127018922194,0.23241426779779123,0.9229837607760187,11,16,9,14,14,4.0
7117,2005-04-01,Haze,0.39837398373983746,0.0,0.0,0.3993055555555555,0.26368159203980124,0.0,0.0,20.333333333333332,0.0,0.0,0.03333333333333333,0.10090090090090091,2005.0,4.0,13.0,1.0,8.0,1.0,0.0,0.0,0.0,0.0,0.0,1.0,0.0,0.0,0.9023689270621825,0.5,0.2500000000000001,0.9330127018922193,0.5143902334072789,0.9999999999999999,6,8,12,8,4,4.0
7121,2005-04-02,Haze,0.3821138211382114,0.0,0.0,0.42013888888888884,0.27114427860696555,0.0,0.0,19.0,0.0,0.0,0.03333333333333333,0.10090090090090091,2005.0,4.0,13.0,2.0,8.0,1.0,0.0,0.0,0.0,0.0,0.0,1.0,0.0,0.0,0.9023689270621825,0.5,0.2500000000000001,0.9330127018922193,0.5143902334072789,0.9999999999999999,6,8,13,8,4,4.0
7125,2005-04-03,Haze,0.39024390243902446,0.0,0.0,0.3923611111111111,0.2736318407960203,0.0,0.0,20.666666666666668,0.0,0.0,0.03333333333333333,0.10000000000000002,2005.0,4.0,13.0,3.0,8.0,1.0,0.0,0.0,0.0,0.0,0.0,1.0,0.0,0.0,0.9023689270621825,0.5,0.2500000000000001,0.9330127018922193,0.5143902334072789,0.9999999999999999,6,7,13,8,4,4.0
7129,2005-04-04,Haze,0.42276422764227645,0.0,0.0,0.40972222222222215,0.2736318407960203,0.0,0.0,21.0,0.0,0.0,0.03333333333333333,0.10000000000000002,2005.0,4.0,14.0,4.0,8.0,1.0,0.0,0.0,0.0,0.0,0.0,1.0,0.0,0.0,0.9023689270621825,0.5,0.2500000000000001,0.9330127018922193,0.4551235777621594,0.9982437317643212,7,8,13,8,4,4.0
7133,2005-04-05,Haze,0.4878048780487805,0.0,0.0,0.5069444444444444,0.266169154228856,0.0,0.0,22.0,0.0,0.0,0.03333333333333333,0.06666666666666667,2005.0,4.0,14.0,5.0,8.0,1.0,0.0,0.0,0.0,0.0,0.0,1.0,0.0,0.0,0.9023689270621825,0.5,0.2500000000000001,0.9330127018922193,0.4551235777621594,0.9982437317643212,9,10,12,8,3,5.0
7137,2005-04-06,Haze,0.426829268292683,0.0,0.0,0.3177083333333333,0.25373134328358216,0.0,0.0,24.5,0.0,0.0,0.03333333333333333,0.3013513513513514,2005.0,4.0,14.0,6.0,1.5,1.0,0.0,0.0,0.0,0.0,0.0,1.0,0.0,0.0,0.9267766952966369,0.6767766952966369,0.2500000000000001,0.9330127018922194,0.4551235777621594,0.9982437317643214,7,6,11,8,11,5.0
7141,2005-04-07,Widespread Dust,0.4227642276422765,0.0,0.0,0.24652777777777776,0.20895522388059717,0.0,0.0,27.0,0.0,0.0,0.03333333333333333,0.1675675675675676,2005.0,4.0,14.0,7.0,8.0,1.0,0.0,0.0,0.0,0.0,0.0,1.0,0.0,0.0,0.9023689270621825,0.5,0.2500000000000001,0.9330127018922193,0.4551235777621594,0.9982437317643212,7,4,6,8,6,6.0
7145,2005-04-08,Blowing Sand,0.34146341463414637,0.0,0.0,0.17708333333333334,0.23880597014925442,0.0,0.0,26.0,0.0,0.0,0.016666666666666666,0.2,2005.0,4.0,14.0,8.0,3.0,1.0,0.0,0.0,0.0,0.0,0.0,1.0,0.0,0.0,0.8535533905932737,0.8535533905932737,0.2500000000000001,0.9330127018922194,0.4551235777621594,0.9982437317643214,4,2,9,3,7,6.0
7149,2005-04-09,Widespread Dust,0.20325203252032523,0.0,0.0,0.14236111111111113,0.25373134328358243,0.0,0.0,22.0,0.0,0.0,0.022222222222222223,0.01711711711711712,2005.0,4.0,14.0,9.0,8.0,1.0,0.0,0.0,0.0,0.0,0.0,1.0,0.0,0.0,0.9023689270621825,0.5,0.2500000000000001,0.9330127018922193,0.4551235777621594,0.9982437317643212,0,1,11,5,1,5.0
7153,2005-04-10,Widespread Dust,0.12195121951219513,0.0,0.0,0.09722222222222221,0.2686567164179108,0.0,0.0,21.0,0.0,0.0,0.03333333333333333,0.31711711711711715,2005.0,4.0,14.0,10.0,8.0,1.0,0.0,0.0,0.0,0.0,0.0,1.0,0.0,0.0,0.9023689270621825,0.5,0.2500000000000001,0.9330127018922193,0.4551235777621594,0.9982437317643212,0,0,12,8,12,4.0
7157,2005-04-11,Widespread Dust,0.21138211382113825,0.0,0.0,0.16666666666666666,0.28855721393034867,0.0,0.0,20.666666666666668,0.0,0.0,0.03333333333333333,0.20090090090090093,2005.0,4.0,15.0,11.0,8.0,1.0,0.0,0.0,0.0,0.0,0.0,1.0,0.0,0.0,0.9023689270621825,0.5,0.2500000000000001,0.9330127018922193,0.3964807197586972,0.9894932136984012,0,2,15,8,7,4.0
7161,2005-04-12,Widespread Dust,0.21951219512195128,0.0,0.0,0.16666666666666666,0.2860696517412942,0.0,0.0,20.333333333333332,0.0,0.0,0.03333333333333333,0.15045045045045047,2005.0,4.0,15.0,12.0,8.0,1.0,0.0,0.0,0.0,0.0,0.0,1.0,0.0,0.0,0.9023689270621825,0.5,0.2500000000000001,0.9330127018922193,0.3964807197586972,0.9894932136984012,0,2,14,8,6,4.0
7165,2005-04-13,Widespread Dust,0.3008130081300813,0.0,0.0,0.19791666666666666,0.2761194029850751,0.0,0.0,22.666666666666668,0.0,0.0,0.03333333333333333,0.13333333333333333,2005.0,4.0,15.0,13.0,8.0,1.0,0.0,0.0,0.0,0.0,0.0,1.0,0.0,0.0,0.9023689270621825,0.5,0.2500000000000001,0.9330127018922193,0.3964807197586972,0.9894932136984012,3,3,13,8,5,5.0
7169,2005-04-14,Haze,0.3821138211382114,0.0,0.0,0.3333333333333333,0.2736318407960203,0.0,0.0,22.333333333333332,0.0,0.0,0.03333333333333333,0.01711711711711712,2005.0,4.0,15.0,14.0,8.0,1.0,0.0,0.0,0.0,0.0,0.0,1.0,0.0,0.0,0.9023689270621825,0.5,0.2500000000000001,0.9330127018922193,0.3964807197586972,0.9894932136984012,6,6,13,8,1,5.0
7173,2005-04-15,Haze,0.43902439024390255,0.0,0.0,0.3611111111111111,0.266169154228856,0.0,0.0,23.333333333333332,0.0,0.0,0.03333333333333333,0.0837837837837838,2005.0,4.0,15.0,15.0,8.0,1.0,0.0,0.0,0.0,0.0,0.0,1.0,0.0,0.0,0.9023689270621825,0.5,0.2500000000000001,0.9330127018922193,0.3964807197586972,0.9894932136984012,8,7,12,8,3,5.0
7177,2005-04-16,Haze,0.41463414634146345,0.0,0.0,0.3333333333333333,0.2686567164179108,0.0,0.0,23.0,0.0,0.0,0.03333333333333333,0.051351351351351354,2005.0,4.0,15.0,16.0,0.0,1.0,0.0,0.0,0.0,0.0,0.0,1.0,0.0,0.0,1.0,0.5,0.2500000000000001,0.9330127018922194,0.3964807197586972,0.9894932136984012,7,6,12,8,2,5.0
7181,2005-04-17,Widespread Dust,0.3333333333333334,0.0,0.0,0.20486111111111108,0.27114427860696555,0.0,0.0,24.666666666666668,0.0,0.0,0.044444444444444446,0.050450450450450456,2005.0,4.0,15.0,17.0,8.0,1.0,0.0,0.0,0.0,0.0,0.0,1.0,0.0,0.0,0.9023689270621825,0.5,0.2500000000000001,0.9330127018922193,0.3964807197586972,0.9894932136984012,4,3,13,11,2,5.0
7185,2005-04-18,Haze,0.4390243902439025,0.0,0.0,0.3958333333333333,0.2686567164179108,0.0,0.0,22.0,0.0,0.0,0.03333333333333333,0.0,2005.0,4.0,16.0,18.0,21.0,1.0,0.0,0.0,0.0,0.0,0.0,1.0,0.0,0.0,0.8535533905932737,0.14644660940672616,0.2500000000000001,0.9330127018922194,0.33928487657653067,0.9738712838945128,8,7,12,8,1,5.0
7189,2005-04-19,Haze,0.39837398373983746,0.0,0.0,0.35763888888888884,0.2761194029850751,0.0,0.0,23.0,0.0,0.0,0.03333333333333333,0.050450450450450456,2005.0,4.0,16.0,19.0,8.0,1.0,0.0,0.0,0.0,0.0,0.0,1.0,0.0,0.0,0.9023689270621825,0.5,0.2500000000000001,0.9330127018922193,0.33928487657653067,0.9738712838945128,6,7,13,8,2,5.0
7193,2005-04-20,Haze,0.48780487804878053,0.0,0.0,0.5416666666666666,0.2761194029850751,0.0,0.0,21.0,0.0,0.0,0.03333333333333333,0.0,2005.0,4.0,16.0,20.0,0.0,1.0,0.0,0.0,0.0,0.0,0.0,1.0,0.0,0.0,1.0,0.5,0.2500000000000001,0.9330127018922194,0.33928487657653067,0.9738712838945128,9,11,13,8,1,4.0
7197,2005-04-21,Haze,0.5365853658536586,0.0,0.0,0.37499999999999994,0.2686567164179108,0.0,0.0,26.0,0.0,0.0,0.016666666666666666,0.0,2005.0,4.0,16.0,21.0,3.0,1.0,0.0,0.0,0.0,0.0,0.0,1.0,0.0,0.0,0.8535533905932737,0.8535533905932737,0.2500000000000001,0.9330127018922194,0.33928487657653067,0.9738712838945128,11,7,12,3,1,6.0
7201,2005-04-22,Haze,0.5121951219512195,0.0,0.0,0.39583333333333326,0.24253731343283658,0.0,0.0,25.5,0.0,0.0,0.03333333333333333,0.0,2005.0,4.0,16.0,22.0,10.5,1.0,0.0,0.0,0.0,0.0,0.0,1.0,0.0,0.0,0.9267766952966369,0.3232233047033631,0.2500000000000001,0.9330127018922194,0.33928487657653067,0.9738712838945128,10,7,9,8,1,6.0
7205,2005-04-23,Haze,0.5,0.0,0.0,0.30729166666666663,0.25000000000000044,0.0,0.0,28.0,0.0,0.0,0.03333333333333333,0.05,2005.0,4.0,16.0,23.0,1.5,1.0,0.0,0.0,0.0,0.0,0.0,1.0,0.0,0.0,0.9267766952966369,0.6767766952966369,0.2500000000000001,0.9330127018922194,0.33928487657653067,0.9738712838945128,10,5,10,8,2,7.0
7209,2005-04-24,Haze,0.524390243902439,0.0,0.0,0.43229166666666663,0.25373134328358216,0.0,0.0,25.0,0.0,0.0,0.03333333333333333,0.0,2005.0,4.0,16.0,24.0,10.5,1.0,0.0,0.0,0.0,0.0,0.0,1.0,0.0,0.0,0.9267766952966369,0.3232233047033631,0.2500000000000001,0.9330127018922194,0.33928487657653067,0.9738712838945128,11,8,11,8,1,6.0
7213,2005-04-25,Haze,0.47967479674796754,0.0,0.0,0.34027777777777773,0.24626865671641815,0.0,0.0,27.333333333333332,0.0,0.0,0.03333333333333333,0.21711711711711712,2005.0,4.0,17.0,25.0,8.0,1.0,0.0,0.0,0.0,0.0,0.0,1.0,0.0,0.0,0.9023689270621825,0.5,0.2500000000000001,0.9330127018922193,0.284338952479103,0.9515972400034102,9,6,10,8,8,6.0
7217,2005-04-26,Haze,0.5040650406504065,0.0,0.0,0.38888888888888884,0.23880597014925412,0.0,0.0,25.0,0.0,0.0,0.03333333333333333,0.06666666666666667,2005.0,4.0,17.0,26.0,8.0,1.0,0.0,0.0,0.0,0.0,0.0,1.0,0.0,0.0,0.9023689270621825,0.5,0.2500000000000001,0.9330127018922193,0.284338952479103,0.9515972400034102,10,7,9,8,3,6.0
7221,2005-04-27,Haze,0.4959349593495935,0.0,0.0,0.4236111111111111,0.2313432835820901,0.0,0.0,24.666666666666668,0.0,0.0,0.03333333333333333,0.11711711711711713,2005.0,4.0,17.0,27.0,8.0,1.0,0.0,0.0,0.0,0.0,0.0,1.0,0.0,0.0,0.9023689270621825,0.5,0.2500000000000001,0.9330127018922193,0.284338952479103,0.9515972400034102,10,8,8,8,5,5.0
7225,2005-04-28,Haze,0.48780487804878053,0.0,0.0,0.4270833333333333,0.23383084577114488,0.0,0.0,24.0,0.0,0.0,0.03333333333333333,0.10000000000000002,2005.0,4.0,17.0,28.0,8.0,1.0,0.0,0.0,0.0,0.0,0.0,1.0,0.0,0.0,0.9023689270621825,0.5,0.2500000000000001,0.9330127018922193,0.284338952479103,0.9515972400034102,9,8,9,8,4,5.0
7229,2005-04-29,Haze,0.5121951219512195,0.0,0.0,0.4375,0.22139303482587103,0.0,0.0,24.666666666666668,0.0,0.0,0.03333333333333333,0.1837837837837838,2005.0,4.0,17.0,29.0,8.0,1.0,0.0,0.0,0.0,0.0,0.0,1.0,0.0,0.0,0.9023689270621825,0.5,0.2500000000000001,0.9330127018922193,0.284338952479103,0.9515972400034102,10,8,7,8,7,5.0
7233,2005-04-30,Haze,0.5121951219512195,0.0,0.0,0.4270833333333333,0.2238805970149258,0.0,0.0,25.333333333333332,0.0,0.0,0.03333333333333333,0.23423423423423426,2005.0,4.0,17.0,30.0,8.0,1.0,0.0,0.0,0.0,0.0,0.0,1.0,0.0,0.0,0.9023689270621825,0.5,0.2500000000000001,0.9330127018922193,0.284338952479103,0.9515972400034102,10,8,7,8,9,6.0
8570,2006-04-01,Haze,0.5121951219512195,0.0,0.0,0.5625,0.24626865671641815,0.0,0.0,21.333333333333332,0.0,0.0,0.02777777777777778,0.0,2006.0,4.0,13.0,1.0,8.0,1.0,0.0,0.0,0.0,0.0,0.0,1.0,0.0,0.0,0.9023689270621825,0.5,0.2500000000000001,0.9330127018922193,0.5143902334072789,0.9999999999999999,10,11,10,6,1,4.0
8574,2006-04-02,Haze,0.4390243902439025,0.0,0.0,0.36458333333333326,0.24253731343283658,0.0,0.0,22.5,0.0,0.0,0.03333333333333333,0.0,2006.0,4.0,13.0,2.0,12.0,1.0,0.0,0.0,0.0,0.0,0.0,1.0,0.0,0.0,0.8535533905932737,0.49999999999999994,0.2500000000000001,0.9330127018922194,0.5143902334072789,0.9999999999999999,8,7,9,8,1,5.0
8578,2006-04-03,Haze,0.4634146341463415,0.0,0.0,0.45833333333333337,0.2462686567164183,0.0,0.0,22.0,0.0,0.0,0.03333333333333333,0.0,2006.0,4.0,14.0,3.0,1.5,1.0,0.0,0.0,0.0,0.0,0.0,1.0,0.0,0.0,0.9267766952966369,0.6767766952966369,0.2500000000000001,0.9330127018922194,0.4551235777621594,0.9982437317643214,9,9,10,8,1,5.0
8582,2006-04-04,Haze,0.3780487804878049,0.0,0.0,0.30208333333333326,0.2462686567164183,0.0,0.0,22.0,0.0,0.0,0.03333333333333333,0.22567567567567567,2006.0,4.0,14.0,4.0,1.5,1.0,0.0,0.0,0.0,0.0,0.0,1.0,0.0,0.0,0.9267766952966369,0.6767766952966369,0.2500000000000001,0.9330127018922194,0.4551235777621594,0.9982437317643214,6,5,10,8,8,5.0
8586,2006-04-05,Haze,0.4390243902439025,0.0,0.0,0.375,0.23507462686567226,0.0,0.0,22.5,0.0,0.0,0.025,0.0,2006.0,4.0,14.0,5.0,10.5,1.0,0.0,0.0,0.0,0.0,0.0,1.0,0.0,0.0,0.9267766952966369,0.3232233047033631,0.2500000000000001,0.9330127018922194,0.4551235777621594,0.9982437317643214,8,7,9,6,1,5.0
8590,2006-04-06,Haze,0.47967479674796754,0.0,0.0,0.41319444444444436,0.23631840796019965,0.0,0.0,23.333333333333332,0.0,0.0,0.03333333333333333,0.0837837837837838,2006.0,4.0,14.0,6.0,8.0,1.0,0.0,0.0,0.0,0.0,0.0,1.0,0.0,0.0,0.9023689270621825,0.5,0.2500000000000001,0.9330127018922193,0.4551235777621594,0.9982437317643212,9,8,9,8,3,5.0
8594,2006-04-07,Haze,0.475609756097561,0.0,0.0,0.45833333333333326,0.22014925373134364,0.0,0.0,22.0,0.0,0.0,0.03333333333333333,0.0,2006.0,4.0,14.0,7.0,10.5,1.0,0.0,0.0,0.0,0.0,0.0,1.0,0.0,0.0,0.9267766952966369,0.3232233047033631,0.2500000000000001,0.9330127018922194,0.4551235777621594,0.9982437317643214,9,9,7,8,1,5.0
8598,2006-04-08,Haze,0.5121951219512195,0.0,0.0,0.4791666666666667,0.22139303482587103,0.0,0.0,23.333333333333332,0.0,0.0,0.03333333333333333,0.0,2006.0,4.0,14.0,8.0,8.0,1.0,0.0,0.0,0.0,0.0,0.0,1.0,0.0,0.0,0.9023689270621825,0.5,0.2500000000000001,0.9330127018922193,0.4551235777621594,0.9982437317643212,10,9,7,8,1,5.0
8602,2006-04-09,Haze,0.48780487804878053,0.0,0.0,0.41666666666666663,0.20895522388059717,0.0,0.0,24.0,0.0,0.0,0.03333333333333333,0.1,2006.0,4.0,14.0,9.0,0.0,1.0,0.0,0.0,0.0,0.0,0.0,1.0,0.0,0.0,1.0,0.5,0.2500000000000001,0.9330127018922194,0.4551235777621594,0.9982437317643214,9,8,6,8,4,5.0
8606,2006-04-10,Haze,0.5284552845528455,0.0,0.0,0.35763888888888884,0.22636815920398057,0.0,0.0,27.333333333333332,0.0,0.0,0.03333333333333333,0.050450450450450456,2006.0,4.0,15.0,10.0,8.0,1.0,0.0,0.0,0.0,0.0,0.0,1.0,0.0,0.0,0.9023689270621825,0.5,0.2500000000000001,0.9330127018922193,0.3964807197586972,0.9894932136984012,11,7,8,8,2,6.0
8610,2006-04-11,Haze,0.44715447154471555,0.0,0.0,0.34027777777777773,0.2313432835820901,0.0,0.0,24.333333333333332,0.0,0.0,0.03333333333333333,0.06666666666666667,2006.0,4.0,15.0,11.0,8.0,1.0,0.0,0.0,0.0,0.0,0.0,1.0,0.0,0.0,0.9023689270621825,0.5,0.2500000000000001,0.9330127018922193,0.3964807197586972,0.9894932136984012,8,6,8,8,3,5.0
8614,2006-04-12,Widespread Dust,0.29268292682926833,0.0,0.0,0.234375,0.23507462686567226,0.0,0.0,21.0,0.0,0.0,0.03333333333333333,0.1256756756756757,2006.0,4.0,15.0,12.0,10.5,1.0,0.0,0.0,0.0,0.0,0.0,1.0,0.0,0.0,0.9267766952966369,0.3232233047033631,0.2500000000000001,0.9330127018922194,0.3964807197586972,0.9894932136984012,3,4,9,8,5,4.0
8618,2006-04-13,Widespread Dust,0.34959349593495936,0.0,0.0,0.28472222222222215,0.24875621890547292,0.0,0.0,22.0,0.0,0.0,0.03333333333333333,0.06666666666666667,2006.0,4.0,15.0,13.0,8.0,1.0,0.0,0.0,0.0,0.0,0.0,1.0,0.0,0.0,0.9023689270621825,0.5,0.2500000000000001,0.9330127018922193,0.3964807197586972,0.9894932136984012,5,5,10,8,3,5.0
8622,2006-04-14,Widespread Dust,0.2764227642276423,0.0,0.0,0.24652777777777776,0.2562189054726372,0.0,0.0,21.0,0.0,0.0,0.03333333333333333,0.03333333333333333,2006.0,4.0,15.0,14.0,8.0,1.0,0.0,0.0,0.0,0.0,0.0,1.0,0.0,0.0,0.9023689270621825,0.5,0.2500000000000001,0.9330127018922193,0.3964807197586972,0.9894932136984012,2,4,11,8,2,4.0
8626,2006-04-15,Widespread Dust,0.3658536585365854,0.0,0.0,0.2951388888888889,0.24626865671641815,0.0,0.0,22.666666666666668,0.0,0.0,0.03333333333333333,0.0,2006.0,4.0,15.0,15.0,8.0,1.0,0.0,0.0,0.0,0.0,0.0,1.0,0.0,0.0,0.9023689270621825,0.5,0.2500000000000001,0.9330127018922193,0.3964807197586972,0.9894932136984012,5,5,10,8,1,5.0
8630,2006-04-16,Widespread Dust,0.4146341463414635,0.0,0.0,0.30902777777777773,0.2238805970149258,0.0,0.0,24.333333333333332,0.0,0.0,0.03333333333333333,0.0,2006.0,4.0,15.0,16.0,8.0,1.0,0.0,0.0,0.0,0.0,0.0,1.0,0.0,0.0,0.9023689270621825,0.5,0.2500000000000001,0.9330127018922193,0.3964807197586972,0.9894932136984012,7,5,7,8,1,5.0
8634,2006-04-17,Haze,0.41463414634146345,0.0,0.0,0.35416666666666663,0.2313432835820901,0.0,0.0,22.0,0.0,0.0,0.03333333333333333,0.0,2006.0,4.0,16.0,17.0,21.0,1.0,0.0,0.0,0.0,0.0,0.0,1.0,0.0,0.0,0.8535533905932737,0.14644660940672616,0.2500000000000001,0.9330127018922194,0.33928487657653067,0.9738712838945128,7,7,8,8,1,5.0
8638,2006-04-18,Haze,0.45528455284552855,0.0,0.0,0.4375,0.24875621890547292,0.0,0.0,22.333333333333332,0.0,0.0,0.03333333333333333,0.3,2006.0,4.0,16.0,18.0,8.0,1.0,0.0,0.0,0.0,0.0,0.0,1.0,0.0,0.0,0.9023689270621825,0.5,0.2500000000000001,0.9330127018922193,0.33928487657653067,0.9738712838945128,8,8,10,8,11,5.0
8642,2006-04-19,Haze,0.47967479674796754,0.0,0.0,0.454861111111111,0.266169154228856,0.0,0.0,22.333333333333332,0.0,0.0,0.03333333333333333,0.16666666666666666,2006.0,4.0,16.0,19.0,8.0,1.0,0.0,0.0,0.0,0.0,0.0,1.0,0.0,0.0,0.9023689270621825,0.5,0.2500000000000001,0.9330127018922193,0.33928487657653067,0.9738712838945128,9,9,12,8,6,5.0
8646,2006-04-20,Haze,0.5121951219512195,0.0,0.0,0.5069444444444444,0.2686567164179108,0.0,0.0,23.0,0.0,0.0,0.03333333333333333,0.1675675675675676,2006.0,4.0,16.0,20.0,8.0,1.0,0.0,0.0,0.0,0.0,0.0,1.0,0.0,0.0,0.9023689270621825,0.5,0.2500000000000001,0.9330127018922193,0.33928487657653067,0.9738712838945128,10,10,12,8,6,5.0
8650,2006-04-21,Haze,0.5121951219512195,0.0,0.0,0.4027777777777777,0.2562189054726372,0.0,0.0,25.333333333333332,0.0,0.0,0.03333333333333333,0.06666666666666667,2006.0,4.0,16.0,21.0,8.0,1.0,0.0,0.0,0.0,0.0,0.0,1.0,0.0,0.0,0.9023689270621825,0.5,0.2500000000000001,0.9330127018922193,0.33928487657653067,0.9738712838945128,10,8,11,8,3,6.0
8654,2006-04-22,Haze,0.5,0.0,0.0,0.4583333333333333,0.2313432835820901,0.0,0.0,23.5,0.0,0.0,0.03333333333333333,0.0,2006.0,4.0,16.0,22.0,10.5,1.0,0.0,0.0,0.0,0.0,0.0,1.0,0.0,0.0,0.9267766952966369,0.3232233047033631,0.2500000000000001,0.9330127018922194,0.33928487657653067,0.9738712838945128,10,9,8,8,1,5.0
8658,2006-04-23,Haze,0.5365853658536586,0.0,0.0,0.5,0.2313432835820901,0.0,0.0,24.0,0.0,0.0,0.03333333333333333,0.05,2006.0,4.0,16.0,23.0,10.5,1.0,0.0,0.0,0.0,0.0,0.0,1.0,0.0,0.0,0.9267766952966369,0.3232233047033631,0.2500000000000001,0.9330127018922194,0.33928487657653067,0.9738712838945128,11,10,8,8,2,5.0
8662,2006-04-24,Haze,0.5772357723577236,0.0,0.0,0.5659722222222222,0.22636815920398057,0.0,0.0,24.666666666666668,0.0,0.0,0.03333333333333333,0.0,2006.0,4.0,17.0,24.0,8.0,1.0,0.0,0.0,0.0,0.0,0.0,1.0,0.0,0.0,0.9023689270621825,0.5,0.2500000000000001,0.9330127018922193,0.284338952479103,0.9515972400034102,13,12,8,8,1,5.0
8666,2006-04-25,Haze,0.5365853658536586,0.0,0.0,0.49479166666666663,0.22761194029850795,0.0,0.0,24.5,0.0,0.0,0.03333333333333333,0.0,2006.0,4.0,17.0,25.0,1.5,1.0,0.0,0.0,0.0,0.0,0.0,1.0,0.0,0.0,0.9267766952966369,0.6767766952966369,0.2500000000000001,0.9330127018922194,0.284338952479103,0.9515972400034103,11,10,8,8,1,5.0
8670,2006-04-26,Haze,0.48780487804878053,0.0,0.0,0.31249999999999994,0.20895522388059717,0.0,0.0,27.0,0.0,0.0,0.016666666666666666,0.0,2006.0,4.0,17.0,26.0,21.0,1.0,0.0,0.0,0.0,0.0,0.0,1.0,0.0,0.0,0.8535533905932737,0.14644660940672616,0.2500000000000001,0.9330127018922194,0.284338952479103,0.9515972400034103,9,6,6,3,1,6.0
8674,2006-04-27,Widespread Dust,0.39024390243902446,0.0,0.0,0.17013888888888887,0.21890547263681626,0.0,0.0,30.0,0.0,0.0,0.02777777777777778,0.26756756756756755,2006.0,4.0,17.0,27.0,8.0,1.0,0.0,0.0,0.0,0.0,0.0,1.0,0.0,0.0,0.9023689270621825,0.5,0.2500000000000001,0.9330127018922193,0.284338952479103,0.9515972400034102,6,2,7,6,10,7.0
8678,2006-04-28,Haze,0.5853658536585367,0.0,0.0,0.7708333333333334,0.2238805970149258,0.0,0.0,21.0,0.0,0.0,0.03333333333333333,0.0,2006.0,4.0,17.0,28.0,21.0,1.0,0.0,0.0,0.0,0.0,0.0,1.0,0.0,0.0,0.8535533905932737,0.14644660940672616,0.2500000000000001,0.9330127018922194,0.284338952479103,0.9515972400034103,13,16,7,8,1,4.0
8682,2006-04-29,Haze,0.5528455284552846,0.0,0.0,0.3368055555555555,0.22139303482587103,0.0,0.0,29.666666666666668,0.0,0.0,0.03333333333333333,0.10000000000000002,2006.0,4.0,17.0,29.0,8.0,1.0,0.0,0.0,0.0,0.0,0.0,1.0,0.0,0.0,0.9023689270621825,0.5,0.2500000000000001,0.9330127018922193,0.284338952479103,0.9515972400034102,12,6,7,8,4,7.0
8686,2006-04-30,Blowing Sand,0.4878048780487805,0.0,0.0,0.23958333333333331,0.2238805970149258,0.0,0.0,30.5,0.0,0.0,0.016666666666666666,0.42567567567567566,2006.0,4.0,17.0,30.0,1.5,1.0,0.0,0.0,0.0,0.0,0.0,1.0,0.0,0.0,0.9267766952966369,0.6767766952966369,0.2500000000000001,0.9330127018922194,0.284338952479103,0.9515972400034103,9,4,7,3,15,7.0
10024,2007-04-01,Haze,0.5853658536585367,0.0,0.0,0.5729166666666666,0.25373134328358216,0.0,0.0,25.0,0.0,0.0,0.03333333333333333,0.1,2007.0,4.0,13.0,1.0,21.0,1.0,0.0,0.0,0.0,0.0,0.0,1.0,0.0,0.0,0.8535533905932737,0.14644660940672616,0.2500000000000001,0.9330127018922194,0.5143902334072789,0.9999999999999999,13,12,11,8,4,6.0
10028,2007-04-02,Haze,0.4390243902439025,0.0,0.0,0.3802083333333333,0.2649253731343286,0.0,0.0,24.0,0.0,0.0,0.03333333333333333,0.20135135135135138,2007.0,4.0,14.0,2.0,12.0,1.0,0.0,0.0,0.0,0.0,0.0,1.0,0.0,0.0,0.8535533905932737,0.49999999999999994,0.2500000000000001,0.9330127018922194,0.4551235777621594,0.9982437317643214,8,7,12,8,7,5.0
10032,2007-04-03,Haze,0.35772357723577236,0.0,0.0,0.2847222222222222,0.2562189054726369,0.0,0.0,21.666666666666668,0.0,0.0,0.03333333333333333,0.2333333333333333,2007.0,4.0,14.0,3.0,8.0,1.0,0.0,0.0,0.0,0.0,0.0,1.0,0.0,0.0,0.9023689270621825,0.5,0.2500000000000001,0.9330127018922193,0.4551235777621594,0.9982437317643212,5,5,11,8,9,4.0
10036,2007-04-04,Haze,0.3658536585365854,0.0,0.0,0.2881944444444444,0.2562189054726369,0.0,0.0,22.333333333333332,0.0,0.0,0.03333333333333333,0.2333333333333333,2007.0,4.0,14.0,4.0,8.0,1.0,0.0,0.0,0.0,0.0,0.0,1.0,0.0,0.0,0.9023689270621825,0.5,0.2500000000000001,0.9330127018922193,0.4551235777621594,0.9982437317643212,5,5,11,8,9,5.0
10040,2007-04-05,Haze,0.4959349593495936,0.0,0.0,0.47569444444444436,0.26119402985074647,0.0,0.0,22.666666666666668,0.0,0.0,0.03333333333333333,0.1171171171171171,2007.0,4.0,14.0,5.0,8.0,1.0,0.0,0.0,0.0,0.0,0.0,1.0,0.0,0.0,0.9023689270621825,0.5,0.2500000000000001,0.9330127018922193,0.4551235777621594,0.9982437317643212,10,9,12,8,5,5.0
10044,2007-04-06,Haze,0.5,0.0,0.0,0.5104166666666666,0.2649253731343286,0.0,0.0,22.5,0.0,0.0,0.03333333333333333,0.05,2007.0,4.0,14.0,6.0,1.5,1.0,0.0,0.0,0.0,0.0,0.0,1.0,0.0,0.0,0.9267766952966369,0.6767766952966369,0.2500000000000001,0.9330127018922194,0.4551235777621594,0.9982437317643214,10,10,12,8,2,5.0
10048,2007-04-07,Haze,0.5365853658536586,0.0,0.0,0.49479166666666663,0.2537313432835826,0.0,0.0,24.0,0.0,0.0,0.03333333333333333,0.0,2007.0,4.0,14.0,7.0,12.0,1.0,0.0,0.0,0.0,0.0,0.0,1.0,0.0,0.0,0.8535533905932737,0.49999999999999994,0.2500000000000001,0.9330127018922194,0.4551235777621594,0.9982437317643214,11,10,11,8,1,5.0
10052,2007-04-08,Haze,0.4959349593495935,0.0,0.0,0.48263888888888884,0.24626865671641843,0.0,0.0,22.666666666666668,0.0,0.0,0.03333333333333333,0.13423423423423425,2007.0,4.0,14.0,8.0,8.0,1.0,0.0,0.0,0.0,0.0,0.0,1.0,0.0,0.0,0.9023689270621825,0.5,0.2500000000000001,0.9330127018922193,0.4551235777621594,0.9982437317643212,10,10,10,8,5,5.0
10056,2007-04-09,Haze,0.4878048780487805,0.0,0.0,0.40277777777777773,0.24626865671641843,0.0,0.0,24.0,0.0,0.0,0.03333333333333333,0.1837837837837838,2007.0,4.0,15.0,9.0,8.0,1.0,0.0,0.0,0.0,0.0,0.0,1.0,0.0,0.0,0.9023689270621825,0.5,0.2500000000000001,0.9330127018922193,0.3964807197586972,0.9894932136984012,9,8,10,8,7,5.0
10060,2007-04-10,Haze,0.43902439024390244,0.0,0.0,0.3611111111111111,0.23880597014925412,0.0,0.0,23.666666666666668,0.0,0.0,0.03333333333333333,0.13333333333333333,2007.0,4.0,15.0,10.0,8.0,1.0,0.0,0.0,0.0,0.0,0.0,1.0,0.0,0.0,0.9023689270621825,0.5,0.2500000000000001,0.9330127018922193,0.3964807197586972,0.9894932136984012,8,7,9,8,5,5.0
10064,2007-04-11,Haze,0.47154471544715454,0.0,0.0,0.37847222222222215,0.22885572139303534,0.0,0.0,24.333333333333332,0.0,0.0,0.03333333333333333,0.10090090090090091,2007.0,4.0,15.0,11.0,8.0,1.0,0.0,0.0,0.0,0.0,0.0,1.0,0.0,0.0,0.9023689270621825,0.5,0.2500000000000001,0.9330127018922193,0.3964807197586972,0.9894932136984012,9,7,8,8,4,5.0
10068,2007-04-12,Haze,0.4634146341463415,0.0,0.0,0.3611111111111111,0.23383084577114488,0.0,0.0,24.666666666666668,0.0,0.0,0.03333333333333333,0.03333333333333333,2007.0,4.0,15.0,12.0,8.0,1.0,0.0,0.0,0.0,0.0,0.0,1.0,0.0,0.0,0.9023689270621825,0.5,0.2500000000000001,0.9330127018922193,0.3964807197586972,0.9894932136984012,9,7,9,8,2,5.0
10072,2007-04-13,Haze,0.4878048780487805,0.0,0.0,0.4166666666666667,0.2412935323383092,0.0,0.0,24.333333333333332,0.0,0.0,0.03333333333333333,0.0,2007.0,4.0,15.0,13.0,8.0,1.0,0.0,0.0,0.0,0.0,0.0,1.0,0.0,0.0,0.9023689270621825,0.5,0.2500000000000001,0.9330127018922193,0.3964807197586972,0.9894932136984012,9,8,9,8,1,5.0
10076,2007-04-14,Haze,0.6097560975609757,0.0,0.0,0.5659722222222222,0.25373134328358243,0.0,0.0,25.666666666666668,0.0,0.0,0.03333333333333333,0.01711711711711712,2007.0,4.0,15.0,14.0,8.0,1.0,0.0,0.0,0.0,0.0,0.0,1.0,0.0,0.0,0.9023689270621825,0.5,0.2500000000000001,0.9330127018922193,0.3964807197586972,0.9894932136984012,14,12,11,8,1,6.0
10080,2007-04-15,Haze,0.6260162601626017,0.0,0.0,0.5451388888888888,0.25373134328358243,0.0,0.0,27.0,0.0,0.0,0.02777777777777778,0.0,2007.0,4.0,15.0,15.0,8.0,1.0,0.0,0.0,0.0,0.0,0.0,1.0,0.0,0.0,0.9023689270621825,0.5,0.2500000000000001,0.9330127018922193,0.3964807197586972,0.9894932136984012,14,11,11,6,1,6.0
10084,2007-04-16,Haze,0.5934959349593497,0.0,0.0,0.45138888888888884,0.24378109452736366,0.0,0.0,28.0,0.0,0.0,0.03333333333333333,0.0,2007.0,4.0,16.0,16.0,8.0,1.0,0.0,0.0,0.0,0.0,0.0,1.0,0.0,0.0,0.9023689270621825,0.5,0.2500000000000001,0.9330127018922193,0.33928487657653067,0.9738712838945128,13,9,10,8,1,7.0
10088,2007-04-17,Haze,0.6341463414634148,0.0,0.0,0.49999999999999994,0.22636815920398057,0.0,0.0,28.333333333333332,0.0,0.0,0.02777777777777778,0.050450450450450456,2007.0,4.0,16.0,17.0,8.0,1.0,0.0,0.0,0.0,0.0,0.0,1.0,0.0,0.0,0.9023689270621825,0.5,0.2500000000000001,0.9330127018922193,0.33928487657653067,0.9738712838945128,15,10,8,6,2,7.0
10092,2007-04-18,Haze,0.5934959349593497,0.0,0.0,0.4479166666666666,0.25373134328358243,0.0,0.0,28.0,0.0,0.0,0.03333333333333333,0.25045045045045045,2007.0,4.0,16.0,18.0,8.0,1.0,0.0,0.0,0.0,0.0,0.0,1.0,0.0,0.0,0.9023689270621825,0.5,0.2500000000000001,0.9330127018922193,0.33928487657653067,0.9738712838945128,13,9,11,8,9,7.0
10096,2007-04-19,Haze,0.5934959349593497,0.0,0.0,0.5034722222222222,0.258706467661692,0.0,0.0,26.333333333333332,0.0,0.0,0.03333333333333333,0.0,2007.0,4.0,16.0,19.0,8.0,1.0,0.0,0.0,0.0,0.0,0.0,1.0,0.0,0.0,0.9023689270621825,0.5,0.2500000000000001,0.9330127018922193,0.33928487657653067,0.9738712838945128,13,10,11,8,1,6.0
10100,2007-04-20,Haze,0.5365853658536586,0.0,0.0,0.39236111111111116,0.24129353233830889,0.0,0.0,26.666666666666668,0.0,0.0,0.03333333333333333,0.050450450450450456,2007.0,4.0,16.0,20.0,8.0,1.0,0.0,0.0,0.0,0.0,0.0,1.0,0.0,0.0,0.9023689270621825,0.5,0.2500000000000001,0.9330127018922193,0.33928487657653067,0.9738712838945128,11,7,9,8,2,6.0
10104,2007-04-21,Haze,0.5040650406504065,0.0,0.0,0.3715277777777777,0.22885572139303534,0.0,0.0,26.333333333333332,0.0,0.0,0.03333333333333333,0.06666666666666667,2007.0,4.0,16.0,21.0,8.0,1.0,0.0,0.0,0.0,0.0,0.0,1.0,0.0,0.0,0.9023689270621825,0.5,0.2500000000000001,0.9330127018922193,0.33928487657653067,0.9738712838945128,10,7,8,8,3,6.0
10108,2007-04-22,Haze,0.5365853658536586,0.0,0.0,0.42013888888888884,0.21890547263681626,0.0,0.0,26.333333333333332,0.0,0.0,0.03333333333333333,0.01711711711711712,2007.0,4.0,16.0,22.0,8.0,1.0,0.0,0.0,0.0,0.0,0.0,1.0,0.0,0.0,0.9023689270621825,0.5,0.2500000000000001,0.9330127018922193,0.33928487657653067,0.9738712838945128,11,8,7,8,1,6.0
10112,2007-04-23,Haze,0.426829268292683,0.0,0.0,0.20833333333333331,0.20522388059701502,0.0,0.0,29.0,0.0,0.0,0.025,0.17567567567567566,2007.0,4.0,17.0,23.0,10.5,1.0,0.0,0.0,0.0,0.0,0.0,1.0,0.0,0.0,0.9267766952966369,0.3232233047033631,0.2500000000000001,0.9330127018922194,0.284338952479103,0.9515972400034103,7,3,5,6,7,7.0
10116,2007-04-24,Haze,0.47967479674796754,0.0,0.0,0.2708333333333333,0.21144278606965194,0.0,0.0,28.0,0.0,0.0,0.03333333333333333,0.15045045045045044,2007.0,4.0,17.0,24.0,8.0,1.0,0.0,0.0,0.0,0.0,0.0,1.0,0.0,0.0,0.9023689270621825,0.5,0.2500000000000001,0.9330127018922193,0.284338952479103,0.9515972400034102,9,5,6,8,6,7.0
10120,2007-04-25,Haze,0.451219512195122,0.0,0.0,0.30729166666666663,0.21268656716417933,0.0,0.0,26.5,0.0,0.0,0.03333333333333333,0.0,2007.0,4.0,17.0,25.0,10.5,1.0,0.0,0.0,0.0,0.0,0.0,1.0,0.0,0.0,0.9267766952966369,0.3232233047033631,0.2500000000000001,0.9330127018922194,0.284338952479103,0.9515972400034103,8,5,6,8,1,6.0
10124,2007-04-26,Haze,0.5528455284552846,0.0,0.0,0.4270833333333333,0.2313432835820901,0.0,0.0,26.333333333333332,0.0,0.0,0.03333333333333333,0.06666666666666667,2007.0,4.0,17.0,26.0,8.0,1.0,0.0,0.0,0.0,0.0,0.0,1.0,0.0,0.0,0.9023689270621825,0.5,0.2500000000000001,0.9330127018922193,0.284338952479103,0.9515972400034102,12,8,8,8,3,6.0
10128,2007-04-27,Haze,0.4634146341463415,0.0,0.0,0.3298611111111111,0.23880597014925442,0.0,0.0,26.333333333333332,0.0,0.0,0.03333333333333333,0.050450450450450456,2007.0,4.0,17.0,27.0,8.0,1.0,0.0,0.0,0.0,0.0,0.0,1.0,0.0,0.0,0.9023689270621825,0.5,0.2500000000000001,0.9330127018922193,0.284338952479103,0.9515972400034102,9,6,9,8,2,6.0
10132,2007-04-28,Haze,0.47154471544715454,0.0,0.0,0.3055555555555555,0.23383084577114488,0.0,0.0,27.666666666666668,0.0,0.0,0.03333333333333333,0.0,2007.0,4.0,17.0,28.0,8.0,1.0,0.0,0.0,0.0,0.0,0.0,1.0,0.0,0.0,0.9023689270621825,0.5,0.2500000000000001,0.9330127018922193,0.284338952479103,0.9515972400034102,9,5,9,8,1,6.0
10136,2007-04-29,Haze,0.5934959349593497,0.0,0.0,0.4375,0.21144278606965225,0.0,0.0,28.333333333333332,0.0,0.0,0.03333333333333333,0.01711711711711712,2007.0,4.0,17.0,29.0,8.0,1.0,0.0,0.0,0.0,0.0,0.0,1.0,0.0,0.0,0.9023689270621825,0.5,0.2500000000000001,0.9330127018922193,0.284338952479103,0.9515972400034102,13,8,6,8,1,7.0
10140,2007-04-30,Haze,0.6260162601626017,0.0,0.0,0.43402777777777773,0.24378109452736366,0.0,0.0,29.666666666666668,0.0,0.0,0.03333333333333333,0.1675675675675676,2007.0,4.0,18.0,30.0,8.0,1.0,0.0,0.0,0.0,0.0,0.0,1.0,0.0,0.0,0.9023689270621825,0.5,0.2500000000000001,0.9330127018922193,0.23241426779779126,0.9229837607760186,14,8,10,8,6,7.0
11477,2008-04-01,Haze,0.524390243902439,0.0,0.0,0.5989583333333333,0.25373134328358216,0.0,0.0,21.5,0.0,0.0,0.03333333333333333,0.22567567567567567,2008.0,4.0,14.0,1.0,10.5,1.0,0.0,0.0,0.0,0.0,0.0,1.0,0.0,0.0,0.9267766952966369,0.3232233047033631,0.2500000000000001,0.9330127018922194,0.4551235777621594,0.9982437317643214,11,12,11,8,8,4.0
11481,2008-04-02,Blowing Sand,0.48780487804878053,0.0,0.0,0.5416666666666666,0.2686567164179108,0.0,0.0,21.0,0.0,0.0,0.005,0.7,2008.0,4.0,14.0,2.0,21.0,1.0,0.0,0.0,0.0,0.0,0.0,1.0,0.0,0.0,0.8535533905932737,0.14644660940672616,0.2500000000000001,0.9330127018922194,0.4551235777621594,0.9982437317643214,9,11,12,0,19,4.0
11484,2008-04-03,Haze,0.5121951219512195,0.0,0.0,0.6111111111111112,0.2661691542288563,0.0,0.0,20.333333333333332,0.0,0.0,0.03333333333333333,0.13333333333333333,2008.0,4.0,14.0,3.0,8.0,1.0,0.0,0.0,0.0,0.0,0.0,1.0,0.0,0.0,0.9023689270621825,0.5,0.2500000000000001,0.9330127018922193,0.4551235777621594,0.9982437317643212,10,13,12,8,5,4.0
11488,2008-04-04,Haze,0.524390243902439,0.0,0.0,0.6614583333333333,0.2649253731343286,0.0,0.0,20.0,0.0,0.0,0.03333333333333333,0.12567567567567567,2008.0,4.0,14.0,4.0,1.5,1.0,0.0,0.0,0.0,0.0,0.0,1.0,0.0,0.0,0.9267766952966369,0.6767766952966369,0.2500000000000001,0.9330127018922194,0.4551235777621594,0.9982437317643214,11,14,12,8,5,4.0
11492,2008-04-05,Light Drizzle,0.5487804878048781,0.0,0.0,0.859375,0.27985074626865725,1.0,0.0,18.5,0.0,0.0,0.03333333333333333,0.05,2008.0,4.0,14.0,5.0,1.5,1.0,0.0,0.0,0.0,0.0,0.0,1.0,0.0,0.0,0.9267766952966369,0.6767766952966369,0.2500000000000001,0.9330127018922194,0.4551235777621594,0.9982437317643214,12,19,14,8,2,3.0
11495,2008-04-06,Haze,0.48780487804878053,0.0,0.0,0.6354166666666666,0.31343283582089576,0.0,0.0,19.0,0.0,0.0,0.03333333333333333,0.1,2008.0,4.0,14.0,6.0,21.0,1.0,0.0,0.0,0.0,0.0,0.0,1.0,0.0,0.0,0.8535533905932737,0.14644660940672616,0.2500000000000001,0.9330127018922194,0.4551235777621594,0.9982437317643214,9,13,17,8,4,4.0
11499,2008-04-07,Haze,0.5,0.0,0.0,0.546875,0.29104477611940327,0.0,0.0,22.0,0.0,0.0,0.03333333333333333,0.1256756756756757,2008.0,4.0,15.0,7.0,12.0,1.0,0.0,0.0,0.0,0.0,0.0,1.0,0.0,0.0,0.8535533905932737,0.49999999999999994,0.2500000000000001,0.9330127018922194,0.3964807197586972,0.9894932136984012,10,11,15,8,5,5.0
11503,2008-04-08,Haze,0.5121951219512195,0.0,0.0,0.5104166666666666,0.2736318407960203,0.0,0.0,22.666666666666668,0.0,0.0,0.02777777777777778,0.13333333333333333,2008.0,4.0,15.0,8.0,8.0,1.0,0.0,0.0,0.0,0.0,0.0,1.0,0.0,0.0,0.9023689270621825,0.5,0.2500000000000001,0.9330127018922193,0.3964807197586972,0.9894932136984012,10,10,13,6,5,5.0
11507,2008-04-09,Haze,0.5284552845528455,0.0,0.0,0.4791666666666667,0.2686567164179108,0.0,0.0,23.666666666666668,0.0,0.0,0.03333333333333333,0.2504504504504505,2008.0,4.0,15.0,9.0,8.0,1.0,0.0,0.0,0.0,0.0,0.0,1.0,0.0,0.0,0.9023689270621825,0.5,0.2500000000000001,0.9330127018922193,0.3964807197586972,0.9894932136984012,11,9,12,8,9,5.0
11511,2008-04-10,Haze,0.4959349593495935,0.0,0.0,0.39583333333333326,0.26119402985074675,0.0,0.0,24.666666666666668,0.0,0.0,0.03333333333333333,0.2513513513513514,2008.0,4.0,15.0,10.0,8.0,1.0,0.0,0.0,0.0,0.0,0.0,1.0,0.0,0.0,0.9023689270621825,0.5,0.2500000000000001,0.9330127018922193,0.3964807197586972,0.9894932136984012,10,7,12,8,9,5.0
11515,2008-04-11,Haze,0.5365853658536586,0.0,0.0,0.43749999999999994,0.23631840796019965,0.0,0.0,25.666666666666668,0.0,0.0,0.03333333333333333,0.26666666666666666,2008.0,4.0,15.0,11.0,8.0,1.0,0.0,0.0,0.0,0.0,0.0,1.0,0.0,0.0,0.9023689270621825,0.5,0.2500000000000001,0.9330127018922193,0.3964807197586972,0.9894932136984012,11,8,9,8,10,6.0
11519,2008-04-12,Haze,0.524390243902439,0.0,0.0,0.4114583333333333,0.23880597014925442,0.0,0.0,25.5,0.0,0.0,0.03333333333333333,0.1256756756756757,2008.0,4.0,15.0,12.0,1.5,1.0,0.0,0.0,0.0,0.0,0.0,1.0,0.0,0.0,0.9267766952966369,0.6767766952966369,0.2500000000000001,0.9330127018922194,0.3964807197586972,0.9894932136984012,11,8,9,8,5,6.0
11523,2008-04-13,Haze,0.5365853658536586,0.0,0.0,0.5,0.22014925373134364,0.0,0.0,24.0,0.0,0.0,0.03333333333333333,0.0,2008.0,4.0,15.0,13.0,10.5,1.0,0.0,0.0,0.0,0.0,0.0,1.0,0.0,0.0,0.9267766952966369,0.3232233047033631,0.2500000000000001,0.9330127018922194,0.3964807197586972,0.9894932136984012,11,10,7,8,1,5.0
11527,2008-04-14,Haze,0.5487804878048781,0.0,0.0,0.5208333333333334,0.2238805970149258,0.0,0.0,24.0,0.0,0.0,0.03333333333333333,0.0,2008.0,4.0,16.0,14.0,1.5,1.0,0.0,0.0,0.0,0.0,0.0,1.0,0.0,0.0,0.9267766952966369,0.6767766952966369,0.2500000000000001,0.9330127018922194,0.33928487657653067,0.9738712838945128,12,10,7,8,1,5.0
11531,2008-04-15,Haze,0.5040650406504065,0.0,0.0,0.34722222222222215,0.2238805970149258,0.0,0.0,27.0,0.0,0.0,0.03333333333333333,0.08378378378378377,2008.0,4.0,16.0,15.0,8.0,1.0,0.0,0.0,0.0,0.0,0.0,1.0,0.0,0.0,0.9023689270621825,0.5,0.2500000000000001,0.9330127018922193,0.33928487657653067,0.9738712838945128,10,6,7,8,3,6.0
11534,2008-04-16,Haze,0.4878048780487805,0.0,0.0,0.34722222222222215,0.23631840796019934,0.0,0.0,26.0,0.0,0.0,0.02777777777777778,0.20090090090090093,2008.0,4.0,16.0,16.0,8.0,1.0,0.0,0.0,0.0,0.0,0.0,1.0,0.0,0.0,0.9023689270621825,0.5,0.2500000000000001,0.9330127018922193,0.33928487657653067,0.9738712838945128,9,6,9,6,7,6.0
11538,2008-04-17,Haze,0.44715447154471555,0.0,0.0,0.35763888888888884,0.24626865671641843,0.0,0.0,23.666666666666668,0.0,0.0,0.03333333333333333,0.26666666666666666,2008.0,4.0,16.0,17.0,8.0,1.0,0.0,0.0,0.0,0.0,0.0,1.0,0.0,0.0,0.9023689270621825,0.5,0.2500000000000001,0.9330127018922193,0.33928487657653067,0.9738712838945128,8,7,10,8,10,5.0
11542,2008-04-18,Haze,0.4227642276422765,0.0,0.0,0.32638888888888884,0.23880597014925442,0.0,0.0,24.0,0.0,0.0,0.03333333333333333,0.1675675675675676,2008.0,4.0,16.0,18.0,8.0,1.0,0.0,0.0,0.0,0.0,0.0,1.0,0.0,0.0,0.9023689270621825,0.5,0.2500000000000001,0.9330127018922193,0.33928487657653067,0.9738712838945128,7,6,9,8,6,5.0
11546,2008-04-19,Haze,0.43902439024390255,0.0,0.0,0.34375,0.23631840796019965,0.0,0.0,24.0,0.0,0.0,0.03333333333333333,0.06666666666666667,2008.0,4.0,16.0,19.0,8.0,1.0,0.0,0.0,0.0,0.0,0.0,1.0,0.0,0.0,0.9023689270621825,0.5,0.2500000000000001,0.9330127018922193,0.33928487657653067,0.9738712838945128,8,6,9,8,3,5.0
11550,2008-04-20,Haze,0.39837398373983746,0.0,0.0,0.2986111111111111,0.23880597014925412,0.0,0.0,24.0,0.0,0.0,0.03333333333333333,0.06666666666666667,2008.0,4.0,16.0,20.0,8.0,1.0,0.0,0.0,0.0,0.0,0.0,1.0,0.0,0.0,0.9023689270621825,0.5,0.2500000000000001,0.9330127018922193,0.33928487657653067,0.9738712838945128,6,5,9,8,3,5.0
11554,2008-04-21,Haze,0.4227642276422765,0.0,0.0,0.25347222222222215,0.22636815920398057,0.0,0.0,26.0,0.0,0.0,0.03333333333333333,0.2333333333333333,2008.0,4.0,17.0,21.0,8.0,1.0,0.0,0.0,0.0,0.0,0.0,1.0,0.0,0.0,0.9023689270621825,0.5,0.2500000000000001,0.9330127018922193,0.284338952479103,0.9515972400034102,7,4,8,8,9,6.0
11557,2008-04-22,Haze,0.4308943089430895,0.0,0.0,0.2743055555555555,0.23631840796019965,0.0,0.0,26.333333333333332,0.0,0.0,0.03333333333333333,0.13423423423423422,2008.0,4.0,17.0,22.0,8.0,1.0,0.0,0.0,0.0,0.0,0.0,1.0,0.0,0.0,0.9023689270621825,0.5,0.2500000000000001,0.9330127018922193,0.284338952479103,0.9515972400034102,7,5,9,8,5,6.0
11561,2008-04-23,Haze,0.4146341463414634,0.0,0.0,0.2534722222222222,0.24378109452736366,0.0,0.0,26.333333333333332,0.0,0.0,0.03333333333333333,0.10000000000000002,2008.0,4.0,17.0,23.0,8.0,1.0,0.0,0.0,0.0,0.0,0.0,1.0,0.0,0.0,0.9023689270621825,0.5,0.2500000000000001,0.9330127018922193,0.284338952479103,0.9515972400034102,7,4,10,8,4,6.0
11565,2008-04-24,Haze,0.4552845528455285,0.0,0.0,0.34375,0.24378109452736366,0.0,0.0,25.333333333333332,0.0,0.0,0.03333333333333333,0.06666666666666667,2008.0,4.0,17.0,24.0,8.0,1.0,0.0,0.0,0.0,0.0,0.0,1.0,0.0,0.0,0.9023689270621825,0.5,0.2500000000000001,0.9330127018922193,0.284338952479103,0.9515972400034102,8,6,10,8,3,6.0
11569,2008-04-25,Haze,0.47967479674796754,0.0,0.0,0.34374999999999994,0.23631840796019965,0.0,0.0,26.0,0.0,0.0,0.03333333333333333,0.050450450450450456,2008.0,4.0,17.0,25.0,8.0,1.0,0.0,0.0,0.0,0.0,0.0,1.0,0.0,0.0,0.9023689270621825,0.5,0.2500000000000001,0.9330127018922193,0.284338952479103,0.9515972400034102,9,6,9,8,2,6.0
11573,2008-04-26,Haze,0.4634146341463415,0.0,0.0,0.2708333333333333,0.22636815920398057,0.0,0.0,27.666666666666668,0.0,0.0,0.03333333333333333,0.050450450450450456,2008.0,4.0,17.0,26.0,8.0,1.0,0.0,0.0,0.0,0.0,0.0,1.0,0.0,0.0,0.9023689270621825,0.5,0.2500000000000001,0.9330127018922193,0.284338952479103,0.9515972400034102,9,5,8,8,2,6.0
11577,2008-04-27,Haze,0.4552845528455285,0.0,0.0,0.2916666666666666,0.20149253731343317,0.0,0.0,27.0,0.0,0.0,0.022222222222222223,0.0837837837837838,2008.0,4.0,17.0,27.0,8.0,1.0,0.0,0.0,0.0,0.0,0.0,1.0,0.0,0.0,0.9023689270621825,0.5,0.2500000000000001,0.9330127018922193,0.284338952479103,0.9515972400034102,8,5,5,5,3,6.0
11581,2008-04-28,Haze,0.4552845528455285,0.0,0.0,0.3298611111111111,0.19900497512437867,0.0,0.0,25.333333333333332,0.0,0.0,0.03333333333333333,0.08378378378378377,2008.0,4.0,18.0,28.0,8.0,1.0,0.0,0.0,0.0,0.0,0.0,1.0,0.0,0.0,0.9023689270621825,0.5,0.2500000000000001,0.9330127018922193,0.23241426779779126,0.9229837607760186,8,6,5,8,3,6.0
11585,2008-04-29,Haze,0.4878048780487805,0.0,0.0,0.3854166666666667,0.2064676616915424,0.0,0.0,24.666666666666668,0.0,0.0,0.02777777777777778,0.03333333333333333,2008.0,4.0,18.0,29.0,8.0,1.0,0.0,0.0,0.0,0.0,0.0,1.0,0.0,0.0,0.9023689270621825,0.5,0.2500000000000001,0.9330127018922193,0.23241426779779126,0.9229837607760186,9,7,6,6,2,5.0
11589,2008-04-30,Haze,0.47154471544715443,0.0,0.0,0.37152777777777773,0.21393034825870672,0.0,0.0,25.333333333333332,0.0,0.0,0.02777777777777778,0.03333333333333333,2008.0,4.0,18.0,30.0,8.0,1.0,0.0,0.0,0.0,0.0,0.0,1.0,0.0,0.0,0.9023689270621825,0.5,0.2500000000000001,0.9330127018922193,0.23241426779779126,0.9229837607760186,9,7,6,6,2,6.0
12930,2009-04-01,Haze,0.47154471544715454,0.0,0.0,0.47222222222222215,0.25124378109452766,0.0,0.0,21.333333333333332,0.0,0.0,0.03333333333333333,0.10000000000000002,2009.0,4.0,14.0,1.0,8.0,1.0,0.0,0.0,0.0,0.0,0.0,1.0,0.0,0.0,0.9023689270621825,0.5,0.2500000000000001,0.9330127018922193,0.4551235777621594,0.9982437317643212,9,9,10,8,4,4.0
12934,2009-04-02,Haze,0.5365853658536586,0.0,0.0,0.6302083333333333,0.25000000000000044,0.0,0.0,21.5,0.0,0.0,0.03333333333333333,0.0,2009.0,4.0,14.0,2.0,10.5,1.0,0.0,0.0,0.0,0.0,0.0,1.0,0.0,0.0,0.9267766952966369,0.3232233047033631,0.2500000000000001,0.9330127018922194,0.4551235777621594,0.9982437317643214,11,13,10,8,1,4.0
12938,2009-04-03,Haze,0.4634146341463415,0.0,0.0,0.3993055555555555,0.2562189054726372,0.0,0.0,23.666666666666668,0.0,0.0,0.03333333333333333,0.06666666666666667,2009.0,4.0,14.0,3.0,8.0,1.0,0.0,0.0,0.0,0.0,0.0,1.0,0.0,0.0,0.9023689270621825,0.5,0.2500000000000001,0.9330127018922193,0.4551235777621594,0.9982437317643212,9,8,11,8,3,5.0
12942,2009-04-04,Haze,0.4552845528455285,0.0,0.0,0.40625,0.26368159203980124,0.0,0.0,23.0,0.0,0.0,0.03333333333333333,0.13333333333333333,2009.0,4.0,14.0,4.0,8.0,1.0,0.0,0.0,0.0,0.0,0.0,1.0,0.0,0.0,0.9023689270621825,0.5,0.2500000000000001,0.9330127018922193,0.4551235777621594,0.9982437317643212,8,8,12,8,5,5.0
12946,2009-04-05,Haze,0.39024390243902446,0.0,0.0,0.34027777777777773,0.266169154228856,0.0,0.0,22.333333333333332,0.0,0.0,0.03333333333333333,0.10000000000000002,2009.0,4.0,14.0,5.0,8.0,1.0,0.0,0.0,0.0,0.0,0.0,1.0,0.0,0.0,0.9023689270621825,0.5,0.2500000000000001,0.9330127018922193,0.4551235777621594,0.9982437317643212,6,6,12,8,4,5.0
12950,2009-04-06,Haze,0.46341463414634154,0.0,0.0,0.39583333333333326,0.25373134328358216,0.0,0.0,23.5,0.0,0.0,0.03333333333333333,0.1,2009.0,4.0,15.0,6.0,10.5,1.0,0.0,0.0,0.0,0.0,0.0,1.0,0.0,0.0,0.9267766952966369,0.3232233047033631,0.2500000000000001,0.9330127018922194,0.3964807197586972,0.9894932136984012,9,7,11,8,4,5.0
12954,2009-04-07,Haze,0.4146341463414635,0.0,0.0,0.32638888888888884,0.24129353233830889,0.0,0.0,23.333333333333332,0.0,0.0,0.03333333333333333,0.19999999999999998,2009.0,4.0,15.0,7.0,8.0,1.0,0.0,0.0,0.0,0.0,0.0,1.0,0.0,0.0,0.9023689270621825,0.5,0.2500000000000001,0.9330127018922193,0.3964807197586972,0.9894932136984012,7,6,9,8,7,5.0
12958,2009-04-08,Haze,0.4390243902439025,0.0,0.0,0.31249999999999994,0.2238805970149258,0.0,0.0,24.0,0.0,0.0,0.03333333333333333,0.3,2009.0,4.0,15.0,8.0,0.0,1.0,0.0,0.0,0.0,0.0,0.0,1.0,0.0,0.0,1.0,0.5,0.2500000000000001,0.9330127018922194,0.3964807197586972,0.9894932136984012,8,6,7,8,11,5.0
12962,2009-04-09,Haze,0.4959349593495935,0.0,0.0,0.6319444444444445,0.27860696517412986,0.0,0.0,19.666666666666668,0.0,0.0,0.03333333333333333,0.2333333333333333,2009.0,4.0,15.0,9.0,8.0,1.0,0.0,0.0,0.0,0.0,0.0,1.0,0.0,0.0,0.9023689270621825,0.5,0.2500000000000001,0.9330127018922193,0.3964807197586972,0.9894932136984012,10,13,13,8,9,4.0
12966,2009-04-10,Haze,0.4308943089430895,0.0,0.0,0.4375,0.27860696517412986,0.0,0.0,20.333333333333332,0.0,0.0,0.03333333333333333,0.20000000000000004,2009.0,4.0,15.0,10.0,8.0,1.0,0.0,0.0,0.0,0.0,0.0,1.0,0.0,0.0,0.9023689270621825,0.5,0.2500000000000001,0.9330127018922193,0.3964807197586972,0.9894932136984012,7,8,13,8,7,4.0
12970,2009-04-11,Haze,0.43902439024390244,0.0,0.0,0.37152777777777773,0.258706467661692,0.0,0.0,22.666666666666668,0.0,0.0,0.03333333333333333,0.11711711711711713,2009.0,4.0,15.0,11.0,8.0,1.0,0.0,0.0,0.0,0.0,0.0,1.0,0.0,0.0,0.9023689270621825,0.5,0.2500000000000001,0.9330127018922193,0.3964807197586972,0.9894932136984012,8,7,11,8,5,5.0
12974,2009-04-12,Haze,0.5,0.0,0.0,0.53125,0.2462686567164183,0.0,0.0,21.5,0.0,0.0,0.03333333333333333,0.0,2009.0,4.0,15.0,12.0,10.5,1.0,0.0,0.0,0.0,0.0,0.0,1.0,0.0,0.0,0.9267766952966369,0.3232233047033631,0.2500000000000001,0.9330127018922194,0.3964807197586972,0.9894932136984012,10,11,10,8,1,4.0
12978,2009-04-13,Haze,0.5284552845528455,0.0,0.0,0.49652777777777773,0.23631840796019965,0.0,0.0,23.333333333333332,0.0,0.0,0.022222222222222223,0.0837837837837838,2009.0,4.0,16.0,13.0,8.0,1.0,0.0,0.0,0.0,0.0,0.0,1.0,0.0,0.0,0.9023689270621825,0.5,0.2500000000000001,0.9330127018922193,0.33928487657653067,0.9738712838945128,11,10,9,5,3,5.0
12982,2009-04-14,Haze,0.4959349593495935,0.0,0.0,0.3923611111111111,0.2238805970149258,0.0,0.0,25.0,0.0,0.0,0.03333333333333333,0.10000000000000002,2009.0,4.0,16.0,14.0,8.0,1.0,0.0,0.0,0.0,0.0,0.0,1.0,0.0,0.0,0.9023689270621825,0.5,0.2500000000000001,0.9330127018922193,0.33928487657653067,0.9738712838945128,10,7,7,8,4,6.0
12986,2009-04-15,Haze,0.5121951219512195,0.0,0.0,0.4444444444444444,0.2313432835820901,0.0,0.0,24.333333333333332,0.0,0.0,0.03333333333333333,0.09999999999999999,2009.0,4.0,16.0,15.0,8.0,1.0,0.0,0.0,0.0,0.0,0.0,1.0,0.0,0.0,0.9023689270621825,0.5,0.2500000000000001,0.9330127018922193,0.33928487657653067,0.9738712838945128,10,9,8,8,4,5.0
12990,2009-04-16,Haze,0.47967479674796754,0.0,0.0,0.3229166666666666,0.23383084577114488,0.0,0.0,26.333333333333332,0.0,0.0,0.03333333333333333,0.15045045045045044,2009.0,4.0,16.0,16.0,8.0,1.0,0.0,0.0,0.0,0.0,0.0,1.0,0.0,0.0,0.9023689270621825,0.5,0.2500000000000001,0.9330127018922193,0.33928487657653067,0.9738712838945128,9,6,9,8,6,6.0
12994,2009-04-17,Haze,0.4471544715447155,0.0,0.0,0.2951388888888889,0.2313432835820901,0.0,0.0,25.666666666666668,0.0,0.0,0.03333333333333333,0.15045045045045047,2009.0,4.0,16.0,17.0,8.0,1.0,0.0,0.0,0.0,0.0,0.0,1.0,0.0,0.0,0.9023689270621825,0.5,0.2500000000000001,0.9330127018922193,0.33928487657653067,0.9738712838945128,8,5,8,8,6,6.0
12998,2009-04-18,Haze,0.4146341463414635,0.0,0.0,0.24999999999999997,0.22885572139303534,0.0,0.0,26.666666666666668,0.0,0.0,0.03333333333333333,0.38378378378378386,2009.0,4.0,16.0,18.0,8.0,1.0,0.0,0.0,0.0,0.0,0.0,1.0,0.0,0.0,0.9023689270621825,0.5,0.2500000000000001,0.9330127018922193,0.33928487657653067,0.9738712838945128,7,4,8,8,14,6.0
13002,2009-04-19,Haze,0.3658536585365854,0.0,0.0,0.15625,0.22139303482587103,0.0,0.0,29.0,0.0,0.0,0.03333333333333333,0.3333333333333333,2009.0,4.0,16.0,19.0,8.0,1.0,0.0,0.0,0.0,0.0,0.0,1.0,0.0,0.0,0.9023689270621825,0.5,0.2500000000000001,0.9330127018922193,0.33928487657653067,0.9738712838945128,5,2,7,8,12,7.0
13006,2009-04-20,Haze,0.43902439024390244,0.0,0.0,0.2569444444444444,0.1990049751243784,0.0,0.0,27.666666666666668,0.0,0.0,0.03333333333333333,0.10090090090090091,2009.0,4.0,17.0,20.0,8.0,1.0,0.0,0.0,0.0,0.0,0.0,1.0,0.0,0.0,0.9023689270621825,0.5,0.2500000000000001,0.9330127018922193,0.284338952479103,0.9515972400034102,8,4,5,8,4,6.0
13010,2009-04-21,Haze,0.4390243902439025,0.0,0.0,0.21874999999999997,0.19402985074626944,0.0,0.0,29.0,0.0,0.0,0.03333333333333333,0.0,2009.0,4.0,17.0,21.0,21.0,1.0,0.0,0.0,0.0,0.0,0.0,1.0,0.0,0.0,0.8535533905932737,0.14644660940672616,0.2500000000000001,0.9330127018922194,0.284338952479103,0.9515972400034103,8,3,4,8,1,7.0
13014,2009-04-22,Haze,0.3739837398373984,0.0,0.0,0.1909722222222222,0.22139303482587103,0.0,0.0,28.333333333333332,0.0,0.0,0.03333333333333333,0.25045045045045045,2009.0,4.0,17.0,22.0,8.0,1.0,0.0,0.0,0.0,0.0,0.0,1.0,0.0,0.0,0.9023689270621825,0.5,0.2500000000000001,0.9330127018922193,0.284338952479103,0.9515972400034102,5,3,7,8,9,7.0
13018,2009-04-23,Haze,0.28455284552845533,0.0,0.0,0.13888888888888887,0.24626865671641843,0.0,0.0,25.666666666666668,0.0,0.0,0.044444444444444446,0.21711711711711712,2009.0,4.0,17.0,23.0,8.0,1.0,0.0,0.0,0.0,0.0,0.0,1.0,0.0,0.0,0.9023689270621825,0.5,0.2500000000000001,0.9330127018922193,0.284338952479103,0.9515972400034102,2,1,10,11,8,6.0
13022,2009-04-24,Haze,0.34146341463414637,0.0,0.0,0.21875,0.25373134328358243,0.0,0.0,24.333333333333332,0.0,0.0,0.03333333333333333,0.0837837837837838,2009.0,4.0,17.0,24.0,8.0,1.0,0.0,0.0,0.0,0.0,0.0,1.0,0.0,0.0,0.9023689270621825,0.5,0.2500000000000001,0.9330127018922193,0.284338952479103,0.9515972400034102,4,3,11,8,3,5.0
13026,2009-04-25,Haze,0.34146341463414637,0.0,0.0,0.21875,0.266169154228856,0.0,0.0,23.666666666666668,0.0,0.0,0.03333333333333333,0.0837837837837838,2009.0,4.0,17.0,25.0,8.0,1.0,0.0,0.0,0.0,0.0,0.0,1.0,0.0,0.0,0.9023689270621825,0.5,0.2500000000000001,0.9330127018922193,0.284338952479103,0.9515972400034102,4,3,12,8,3,5.0
13030,2009-04-26,Haze,0.3333333333333333,0.0,0.0,0.19444444444444442,0.26119402985074675,0.0,0.0,25.0,0.0,0.0,0.03333333333333333,0.09999999999999999,2009.0,4.0,17.0,26.0,8.0,1.0,0.0,0.0,0.0,0.0,0.0,1.0,0.0,0.0,0.9023689270621825,0.5,0.2500000000000001,0.9330127018922193,0.284338952479103,0.9515972400034102,4,3,12,8,4,6.0
13034,2009-04-27,Haze,0.3739837398373984,0.0,0.0,0.16319444444444445,0.24129353233830889,0.0,0.0,28.0,0.0,0.0,0.03333333333333333,0.15045045045045047,2009.0,4.0,18.0,27.0,8.0,1.0,0.0,0.0,0.0,0.0,0.0,1.0,0.0,0.0,0.9023689270621825,0.5,0.2500000000000001,0.9330127018922193,0.23241426779779126,0.9229837607760186,5,2,9,8,6,7.0
13038,2009-04-28,Haze,0.4227642276422765,0.0,0.0,0.20138888888888887,0.22885572139303534,0.0,0.0,29.333333333333332,0.0,0.0,0.03333333333333333,0.06666666666666667,2009.0,4.0,18.0,28.0,8.0,1.0,0.0,0.0,0.0,0.0,0.0,1.0,0.0,0.0,0.9023689270621825,0.5,0.2500000000000001,0.9330127018922193,0.23241426779779126,0.9229837607760186,7,3,8,8,3,7.0
13042,2009-04-29,Haze,0.47967479674796754,0.0,0.0,0.2986111111111111,0.2313432835820901,0.0,0.0,27.333333333333332,0.0,0.0,0.03333333333333333,0.15045045045045044,2009.0,4.0,18.0,29.0,8.0,1.0,0.0,0.0,0.0,0.0,0.0,1.0,0.0,0.0,0.9023689270621825,0.5,0.2500000000000001,0.9330127018922193,0.23241426779779126,0.9229837607760186,9,5,8,8,6,6.0
13046,2009-04-30,Haze,0.5040650406504065,0.0,0.0,0.3229166666666667,0.2238805970149258,0.0,0.0,27.666666666666668,0.0,0.0,0.02777777777777778,0.050450450450450456,2009.0,4.0,18.0,30.0,8.0,1.0,0.0,0.0,0.0,0.0,0.0,1.0,0.0,0.0,0.9023689270621825,0.5,0.2500000000000001,0.9330127018922193,0.23241426779779126,0.9229837607760186,10,6,7,6,2,6.0
