,Unnamed: 0,datetime,year,month,week,day,night,morning,noon,evening,season_summer,season_winter,season_spring,season_monsoon,season_autumn,month_cos,month_sin,week_cos,week_sin, _dewptm_bars, _fog, _hail, _hum_bars, _pressurem_bars, _rain, _snow, _thunder, _tornado, _vism_bars, _wspdm_bars,Temp,sequence
0,0,2000-01-01,2000.0,1.0,52.0,1.0,0.0,0.0,0.0,1.0,0.0,1.0,0.0,0.0,0.0,0.9330127018922194,0.75,0.9964874635286428,0.4408374324996249,6.0,1.0,-0.0,19.0,18.0,0.0,0.0,-0.0,-0.0,2.0,1.0,1.0,0
1,1,2000-01-02,2000.0,1.0,52.0,2.0,0.0,0.0,0.0,1.0,0.0,1.0,0.0,0.0,0.0,0.9330127018922194,0.75,0.9964874635286428,0.4408374324996249,4.0,-0.0,0.0,19.0,17.0,0.0,0.0,0.0,0.0,-0.0,1.0,2.0,0
0,0,2000-01-01,2000.0,1.0,52.0,1.0,0.0,0.0,0.0,1.0,0.0,1.0,0.0,0.0,0.0,0.9330127018922194,0.75,0.9964874635286428,0.4408374324996249,6.0,1.0,-0.0,19.0,18.0,0.0,0.0,-0.0,-0.0,2.0,1.0,1.0,1
1,1,2000-01-02,2000.0,1.0,52.0,2.0,0.0,0.0,0.0,1.0,0.0,1.0,0.0,0.0,0.0,0.9330127018922194,0.75,0.9964874635286428,0.4408374324996249,4.0,-0.0,0.0,19.0,17.0,0.0,0.0,0.0,0.0,-0.0,1.0,2.0,1
2,2,2000-01-03,2000.0,1.0,1.0,3.0,0.0,0.0,0.0,1.0,0.0,1.0,0.0,0.0,0.0,0.9330127018922192,0.75,0.9964874635286428,0.559162567500375,7.0,0.0,0.0,18.0,19.0,0.0,0.0,0.0,-0.0,1.0,8.0,2.0,1
3,3,2000-01-04,2000.0,1.0,1.0,4.0,0.0,0.0,0.0,1.0,0.0,1.0,0.0,0.0,0.0,0.9330127018922194,0.75,0.9964874635286428,0.559162567500375,9.0,0.0,0.0,15.0,19.0,-0.0,-0.0,0.0,0.0,0.0,7.0,1.0,1
4,4,2000-01-05,2000.0,1.0,1.0,5.0,0.0,0.0,0.0,1.0,0.0,1.0,0.0,0.0,0.0,0.9330127018922194,0.75,0.9964874635286428,0.559162567500375,10.0,-0.0,0.0,17.0,19.0,0.0,-0.0,0.0,0.0,3.0,1.0,1.0,1
5,5,2000-01-06,2000.0,1.0,1.0,6.0,0.0,0.0,0.0,1.0,0.0,1.0,0.0,0.0,0.0,0.9330127018922194,0.75,0.9964874635286428,0.559162567500375,1.0,1.0,0.0,14.0,19.0,-0.0,0.0,-0.0,0.0,9.0,4.0,0.0,1
6,6,2000-01-07,2000.0,1.0,1.0,7.0,0.0,0.0,0.0,1.0,0.0,1.0,0.0,0.0,0.0,0.9330127018922194,0.75,0.9964874635286428,0.559162567500375,4.0,0.0,0.0,17.0,19.0,-0.0,-0.0,-0.0,-0.0,6.0,5.0,0.0,1
7,7,2000-01-08,2000.0,1.0,1.0,8.0,0.0,0.0,0.0,1.0,0.0,1.0,0.0,0.0,0.0,0.9330127018922192,0.75,0.9964874635286428,0.559162567500375,2.0,-0.0,-0.0,17.0,19.0,-0.0,-0.0,-0.0,0.0,5.0,1.0,1.0,1
8,8,2000-01-09,2000.0,1.0,1.0,9.0,0.0,0.0,0.0,1.0,0.0,1.0,0.0,0.0,0.0,0.9330127018922194,0.75,0.9964874635286428,0.559162567500375,3.0,0.0,-0.0,19.0,19.0,0.0,-0.0,0.0,0.0,1.0,2.0,-0.0,1
7,7,2000-01-08,2000.0,1.0,1.0,8.0,0.0,0.0,0.0,1.0,0.0,1.0,0.0,0.0,0.0,0.9330127018922192,0.75,0.9964874635286428,0.559162567500375,2.0,-0.0,-0.0,17.0,19.0,-0.0,-0.0,-0.0,0.0,5.0,1.0,1.0,2
8,8,2000-01-09,2000.0,1.0,1.0,9.0,0.0,0.0,0.0,1.0,0.0,1.0,0.0,0.0,0.0,0.9330127018922194,0.75,0.9964874635286428,0.559162567500375,3.0,0.0,-0.0,19.0,19.0,0.0,-0.0,0.0,0.0,1.0,2.0,-0.0,2
9,9,2000-01-10,2000.0,1.0,2.0,10.0,0.0,0.0,0.0,1.0,0.0,1.0,0.0,0.0,0.0,0.9330127018922194,0.75,0.9859991624270544,0.6174946222389921,2.0,-0.0,-0.0,19.0,19.0,0.0,0.0,-0.0,0.0,2.0,4.0,-0.0,2
10,10,2000-01-11,2000.0,1.0,2.0,11.0,0.0,0.0,0.0,1.0,0.0,1.0,0.0,0.0,0.0,0.9330127018922194,0.75,0.9859991624270544,0.6174946222389921,4.0,0.0,-0.0,15.0,19.0,0.0,-0.0,0.0,-0.0,-1.0,1.0,-0.0,2
11,11,2000-01-12,2000.0,1.0,2.0,12.0,0.0,0.0,0.0,1.0,0.0,1.0,0.0,0.0,0.0,0.9330127018922194,0.75,0.9859991624270544,0.6174946222389921,2.0,-0.0,-0.0,16.0,19.0,-0.0,-0.0,0.0,0.0,-0.0,2.0,-0.0,2
12,12,2000-01-13,2000.0,1.0,2.0,13.0,0.0,0.0,0.0,1.0,0.0,1.0,0.0,0.0,0.0,0.9330127018922194,0.75,0.9859991624270544,0.6174946222389921,4.0,0.0,-0.0,19.0,19.0,-0.0,0.0,0.0,-0.0,1.0,1.0,0.0,2
13,13,2000-01-14,2000.0,1.0,2.0,14.0,0.0,0.0,0.0,1.0,0.0,1.0,0.0,0.0,0.0,0.9330127018922194,0.75,0.9859991624270544,0.6174946222389921,6.0,0.0,-0.0,15.0,19.0,0.0,0.0,-0.0,-0.0,-1.0,8.0,0.0,2
14,14,2000-01-15,2000.0,1.0,2.0,15.0,0.0,0.0,0.0,1.0,0.0,1.0,0.0,0.0,0.0,0.9330127018922192,0.75,0.9859991624270542,0.6174946222389921,9.0,-0.0,0.0,13.0,19.0,0.0,0.0,0.0,0.0,1.0,3.0,-0.0,2
15,15,2000-01-16,2000.0,1.0,2.0,16.0,0.0,0.0,0.0,1.0,0.0,1.0,0.0,0.0,0.0,0.9330127018922192,0.75,0.9859991624270542,0.6174946222389921,8.0,-0.0,0.0,14.0,19.0,-0.0,0.0,0.0,-0.0,0.0,3.0,-0.0,2
14,14,2000-01-15,2000.0,1.0,2.0,15.0,0.0,0.0,0.0,1.0,0.0,1.0,0.0,0.0,0.0,0.9330127018922192,0.75,0.9859991624270542,0.6174946222389921,9.0,-0.0,0.0,13.0,19.0,0.0,0.0,0.0,0.0,1.0,3.0,-0.0,3
15,15,2000-01-16,2000.0,1.0,2.0,16.0,0.0,0.0,0.0,1.0,0.0,1.0,0.0,0.0,0.0,0.9330127018922192,0.75,0.9859991624270542,0.6174946222389921,8.0,-0.0,0.0,14.0,19.0,-0.0,0.0,0.0,-0.0,0.0,3.0,-0.0,3
16,16,2000-01-17,2000.0,1.0,3.0,17.0,0.0,0.0,0.0,1.0,0.0,1.0,0.0,0.0,0.0,0.9330127018922194,0.75,0.9686823294520612,0.6741773100327622,7.0,-0.0,0.0,12.0,18.0,-0.0,0.0,-0.0,-0.0,0.0,4.0,1.0,3
17,17,2000-01-18,2000.0,1.0,3.0,18.0,0.0,0.0,0.0,1.0,0.0,1.0,0.0,0.0,0.0,0.9330127018922192,0.75,0.9686823294520612,0.6741773100327622,9.0,1.0,-0.0,17.0,16.0,0.0,0.0,0.0,-0.0,1.0,7.0,0.0,3
18,18,2000-01-19,2000.0,1.0,3.0,19.0,0.0,0.0,0.0,1.0,0.0,1.0,0.0,0.0,0.0,0.9330127018922194,0.75,0.9686823294520612,0.6741773100327622,9.0,-0.0,0.0,17.0,19.0,-0.0,0.0,-0.0,-0.0,0.0,1.0,0.0,3
19,19,2000-01-20,2000.0,1.0,3.0,20.0,0.0,0.0,0.0,1.0,0.0,1.0,0.0,0.0,0.0,0.9330127018922192,0.75,0.9686823294520612,0.6741773100327622,9.0,-0.0,0.0,19.0,19.0,-0.0,-0.0,0.0,-0.0,-1.0,1.0,-0.0,3
20,20,2000-01-21,2000.0,1.0,3.0,21.0,0.0,0.0,0.0,1.0,0.0,1.0,0.0,0.0,0.0,0.9330127018922194,0.75,0.9686823294520612,0.6741773100327622,8.0,0.0,0.0,19.0,19.0,-0.0,0.0,-0.0,0.0,1.0,1.0,-0.0,3
21,21,2000-01-22,2000.0,1.0,3.0,22.0,0.0,0.0,0.0,1.0,0.0,1.0,0.0,0.0,0.0,0.9330127018922194,0.75,0.9686823294520612,0.6741773100327622,9.0,0.0,0.0,19.0,16.0,-0.0,-0.0,0.0,-0.0,0.0,1.0,-0.0,3
22,22,2000-01-23,2000.0,1.0,3.0,23.0,0.0,0.0,0.0,1.0,0.0,1.0,0.0,0.0,0.0,0.9330127018922194,0.75,0.9686823294520612,0.6741773100327622,9.0,-0.0,0.0,19.0,18.0,0.0,-0.0,0.0,-0.0,-0.0,12.0,1.0,3
21,21,2000-01-22,2000.0,1.0,3.0,22.0,0.0,0.0,0.0,1.0,0.0,1.0,0.0,0.0,0.0,0.9330127018922194,0.75,0.9686823294520612,0.6741773100327622,9.0,0.0,0.0,19.0,16.0,-0.0,-0.0,0.0,-0.0,0.0,1.0,-0.0,4
22,22,2000-01-23,2000.0,1.0,3.0,23.0,0.0,0.0,0.0,1.0,0.0,1.0,0.0,0.0,0.0,0.9330127018922194,0.75,0.9686823294520612,0.6741773100327622,9.0,-0.0,0.0,19.0,18.0,0.0,-0.0,0.0,-0.0,-0.0,12.0,1.0,4
23,23,2000-01-24,2000.0,1.0,4.0,24.0,0.0,0.0,0.0,1.0,0.0,1.0,0.0,0.0,0.0,0.9330127018922194,0.75,0.9447800549796659,0.7284149301950444,8.0,1.0,-0.0,19.0,19.0,0.0,-0.0,-0.0,0.0,2.0,16.0,1.0,4
24,24,2000-01-25,2000.0,1.0,4.0,25.0,0.0,0.0,0.0,1.0,0.0,1.0,0.0,0.0,0.0,0.9330127018922194,0.75,0.9447800549796659,0.7284149301950444,7.0,-0.0,0.0,17.0,18.0,0.0,0.0,-0.0,0.0,1.0,18.0,1.0,4
25,25,2000-01-26,2000.0,1.0,4.0,26.0,0.0,0.0,0.0,1.0,0.0,1.0,0.0,0.0,0.0,0.9330127018922192,0.75,0.9447800549796662,0.7284149301950444,9.0,-0.0,-0.0,16.0,18.0,0.0,-0.0,0.0,0.0,1.0,1.0,3.0,4
26,26,2000-01-27,2000.0,1.0,4.0,27.0,0.0,0.0,0.0,1.0,0.0,1.0,0.0,0.0,0.0,0.9330127018922192,0.75,0.9447800549796662,0.7284149301950444,7.0,0.0,0.0,18.0,17.0,-0.0,0.0,-0.0,0.0,0.0,1.0,1.0,4
27,27,2000-01-28,2000.0,1.0,4.0,28.0,0.0,0.0,0.0,1.0,0.0,1.0,0.0,0.0,0.0,0.9330127018922192,0.75,0.9447800549796662,0.7284149301950444,8.0,1.0,-0.0,19.0,19.0,0.0,0.0,0.0,-0.0,-0.0,1.0,1.0,4
28,28,2000-01-29,2000.0,1.0,4.0,29.0,0.0,0.0,0.0,1.0,0.0,1.0,0.0,0.0,0.0,0.9330127018922192,0.75,0.9447800549796662,0.7284149301950444,10.0,0.0,-0.0,17.0,18.0,0.0,0.0,0.0,-0.0,2.0,12.0,1.0,4
29,29,2000-01-30,2000.0,1.0,4.0,30.0,0.0,0.0,0.0,1.0,0.0,1.0,0.0,0.0,0.0,0.9330127018922194,0.75,0.9447800549796659,0.7284149301950444,9.0,-0.0,0.0,17.0,18.0,-0.0,0.0,0.0,-0.0,0.0,1.0,1.0,4
28,28,2000-01-29,2000.0,1.0,4.0,29.0,0.0,0.0,0.0,1.0,0.0,1.0,0.0,0.0,0.0,0.9330127018922192,0.75,0.9447800549796662,0.7284149301950444,10.0,0.0,-0.0,17.0,18.0,0.0,0.0,0.0,-0.0,2.0,12.0,1.0,5
29,29,2000-01-30,2000.0,1.0,4.0,30.0,0.0,0.0,0.0,1.0,0.0,1.0,0.0,0.0,0.0,0.9330127018922194,0.75,0.9447800549796659,0.7284149301950444,9.0,-0.0,0.0,17.0,18.0,-0.0,0.0,0.0,-0.0,0.0,1.0,1.0,5
30,30,2000-01-31,2000.0,1.0,5.0,31.0,0.0,0.0,0.0,1.0,0.0,1.0,0.0,0.0,0.0,0.9330127018922194,0.75,0.91462787454903,0.7794461054290902,7.0,0.0,0.0,15.0,17.0,-0.0,0.0,0.0,-0.0,0.0,4.0,0.0,5
31,31,2001-01-01,2001.0,1.0,1.0,1.0,0.0,0.0,0.0,1.0,0.0,1.0,0.0,0.0,0.0,0.9330127018922194,0.75,0.9964874635286428,0.559162567500375,6.0,0.0,0.0,19.0,16.0,0.0,0.0,-0.0,0.0,-0.0,4.0,-0.0,6
32,32,2001-01-02,2001.0,1.0,1.0,2.0,0.0,0.0,0.0,1.0,0.0,1.0,0.0,0.0,0.0,0.9330127018922192,0.75,0.9964874635286428,0.559162567500375,4.0,0.0,0.0,18.0,19.0,0.0,0.0,0.0,-0.0,2.0,5.0,-0.0,6
33,33,2001-01-03,2001.0,1.0,1.0,3.0,0.0,0.0,0.0,1.0,0.0,1.0,0.0,0.0,0.0,0.9330127018922194,0.75,0.9964874635286428,0.559162567500375,9.0,-0.0,0.0,17.0,19.0,0.0,-0.0,0.0,-0.0,0.0,5.0,-0.0,6
34,34,2001-01-04,2001.0,1.0,1.0,4.0,0.0,0.0,0.0,1.0,0.0,1.0,0.0,0.0,0.0,0.9330127018922194,0.75,0.9964874635286428,0.559162567500375,4.0,-0.0,0.0,17.0,19.0,-0.0,-0.0,-0.0,0.0,0.0,7.0,2.0,6
35,35,2001-01-05,2001.0,1.0,1.0,5.0,0.0,0.0,0.0,1.0,0.0,1.0,0.0,0.0,0.0,0.9330127018922192,0.75,0.9964874635286428,0.559162567500375,2.0,-0.0,0.0,19.0,19.0,0.0,0.0,0.0,-0.0,0.0,1.0,1.0,6
36,36,2001-01-06,2001.0,1.0,1.0,6.0,0.0,0.0,0.0,1.0,0.0,1.0,0.0,0.0,0.0,0.9330127018922194,0.75,0.9964874635286428,0.559162567500375,5.0,0.0,0.0,17.0,19.0,-0.0,-0.0,0.0,-0.0,3.0,4.0,1.0,6
37,37,2001-01-07,2001.0,1.0,1.0,7.0,0.0,0.0,0.0,1.0,0.0,1.0,0.0,0.0,0.0,0.9330127018922194,0.75,0.9964874635286428,0.559162567500375,7.0,0.0,0.0,19.0,19.0,0.0,-0.0,0.0,0.0,3.0,4.0,1.0,6
36,36,2001-01-06,2001.0,1.0,1.0,6.0,0.0,0.0,0.0,1.0,0.0,1.0,0.0,0.0,0.0,0.9330127018922194,0.75,0.9964874635286428,0.559162567500375,5.0,0.0,0.0,17.0,19.0,-0.0,-0.0,0.0,-0.0,3.0,4.0,1.0,7
37,37,2001-01-07,2001.0,1.0,1.0,7.0,0.0,0.0,0.0,1.0,0.0,1.0,0.0,0.0,0.0,0.9330127018922194,0.75,0.9964874635286428,0.559162567500375,7.0,0.0,0.0,19.0,19.0,0.0,-0.0,0.0,0.0,3.0,4.0,1.0,7
38,38,2001-01-08,2001.0,1.0,2.0,8.0,0.0,0.0,0.0,1.0,0.0,1.0,0.0,0.0,0.0,0.9330127018922194,0.75,0.9859991624270544,0.6174946222389921,4.0,-0.0,0.0,19.0,19.0,-0.0,-0.0,0.0,-0.0,3.0,4.0,1.0,7
39,39,2001-01-09,2001.0,1.0,2.0,9.0,0.0,0.0,0.0,1.0,0.0,1.0,0.0,0.0,0.0,0.9330127018922194,0.75,0.9859991624270544,0.6174946222389921,6.0,0.0,-0.0,19.0,19.0,0.0,-0.0,-0.0,0.0,9.0,1.0,2.0,7
40,40,2001-01-10,2001.0,1.0,2.0,10.0,0.0,0.0,0.0,1.0,0.0,1.0,0.0,0.0,0.0,0.9330127018922194,0.75,0.9859991624270544,0.6174946222389921,5.0,-0.0,-0.0,19.0,19.0,-0.0,-0.0,0.0,0.0,8.0,10.0,2.0,7
41,41,2001-01-11,2001.0,1.0,2.0,11.0,0.0,0.0,0.0,1.0,0.0,1.0,0.0,0.0,0.0,0.9330127018922194,0.75,0.9859991624270544,0.6174946222389921,5.0,-0.0,0.0,19.0,19.0,0.0,-0.0,0.0,0.0,0.0,14.0,2.0,7
42,42,2001-01-12,2001.0,1.0,2.0,12.0,0.0,0.0,0.0,1.0,0.0,1.0,0.0,0.0,0.0,0.9330127018922194,0.75,0.9859991624270544,0.6174946222389921,3.0,0.0,0.0,19.0,19.0,0.0,-0.0,-0.0,-0.0,3.0,5.0,1.0,7
43,43,2001-01-13,2001.0,1.0,2.0,13.0,0.0,0.0,0.0,1.0,0.0,1.0,0.0,0.0,0.0,0.9330127018922194,0.75,0.9859991624270544,0.6174946222389921,2.0,-0.0,0.0,11.0,16.0,-0.0,0.0,0.0,-0.0,3.0,2.0,-0.0,7
44,44,2001-01-14,2001.0,1.0,2.0,14.0,0.0,0.0,0.0,1.0,0.0,1.0,0.0,0.0,0.0,0.9330127018922194,0.75,0.9859991624270544,0.6174946222389921,4.0,-0.0,-0.0,13.0,18.0,0.0,-0.0,0.0,-0.0,3.0,1.0,2.0,7
43,43,2001-01-13,2001.0,1.0,2.0,13.0,0.0,0.0,0.0,1.0,0.0,1.0,0.0,0.0,0.0,0.9330127018922194,0.75,0.9859991624270544,0.6174946222389921,2.0,-0.0,0.0,11.0,16.0,-0.0,0.0,0.0,-0.0,3.0,2.0,-0.0,8
44,44,2001-01-14,2001.0,1.0,2.0,14.0,0.0,0.0,0.0,1.0,0.0,1.0,0.0,0.0,0.0,0.9330127018922194,0.75,0.9859991624270544,0.6174946222389921,4.0,-0.0,-0.0,13.0,18.0,0.0,-0.0,0.0,-0.0,3.0,1.0,2.0,8
45,45,2001-01-15,2001.0,1.0,3.0,15.0,0.0,0.0,0.0,1.0,0.0,1.0,0.0,0.0,0.0,0.9330127018922194,0.75,0.9686823294520612,0.6741773100327622,7.0,0.0,0.0,11.0,17.0,0.0,0.0,-0.0,-0.0,3.0,6.0,2.0,8
46,46,2001-01-16,2001.0,1.0,3.0,16.0,0.0,0.0,0.0,1.0,0.0,1.0,0.0,0.0,0.0,0.9330127018922192,0.75,0.9686823294520612,0.6741773100327622,6.0,1.0,-0.0,17.0,19.0,-0.0,0.0,0.0,-0.0,3.0,10.0,2.0,8
47,47,2001-01-17,2001.0,1.0,3.0,17.0,0.0,0.0,0.0,1.0,0.0,1.0,0.0,0.0,0.0,0.9330127018922194,0.75,0.9686823294520612,0.6741773100327622,8.0,1.0,-0.0,11.0,16.0,0.0,-0.0,0.0,-0.0,4.0,6.0,1.0,8
48,48,2001-01-18,2001.0,1.0,3.0,18.0,0.0,0.0,0.0,1.0,0.0,1.0,0.0,0.0,0.0,0.9330127018922194,0.75,0.9686823294520612,0.6741773100327622,9.0,1.0,0.0,16.0,15.0,0.0,-0.0,-0.0,0.0,5.0,2.0,3.0,8
49,49,2001-01-19,2001.0,1.0,3.0,19.0,0.0,0.0,0.0,1.0,0.0,1.0,0.0,0.0,0.0,0.9330127018922194,0.75,0.9686823294520612,0.6741773100327622,3.0,1.0,0.0,16.0,16.0,-0.0,0.0,0.0,0.0,3.0,1.0,1.0,8
50,50,2001-01-20,2001.0,1.0,3.0,20.0,0.0,0.0,0.0,1.0,0.0,1.0,0.0,0.0,0.0,0.9330127018922194,0.75,0.9686823294520612,0.6741773100327622,4.0,1.0,0.0,17.0,12.0,0.0,0.0,-0.0,-0.0,15.0,2.0,1.0,8
51,51,2001-01-21,2001.0,1.0,3.0,21.0,0.0,0.0,0.0,1.0,0.0,1.0,0.0,0.0,0.0,0.9330127018922194,0.75,0.9686823294520612,0.6741773100327622,5.0,1.0,-0.0,17.0,16.0,0.0,-0.0,0.0,0.0,0.0,2.0,1.0,8
50,50,2001-01-20,2001.0,1.0,3.0,20.0,0.0,0.0,0.0,1.0,0.0,1.0,0.0,0.0,0.0,0.9330127018922194,0.75,0.9686823294520612,0.6741773100327622,4.0,1.0,0.0,17.0,12.0,0.0,0.0,-0.0,-0.0,15.0,2.0,1.0,9
51,51,2001-01-21,2001.0,1.0,3.0,21.0,0.0,0.0,0.0,1.0,0.0,1.0,0.0,0.0,0.0,0.9330127018922194,0.75,0.9686823294520612,0.6741773100327622,5.0,1.0,-0.0,17.0,16.0,0.0,-0.0,0.0,0.0,0.0,2.0,1.0,9
52,52,2001-01-22,2001.0,1.0,4.0,22.0,0.0,0.0,0.0,1.0,0.0,1.0,0.0,0.0,0.0,0.9330127018922194,0.75,0.9447800549796659,0.7284149301950444,5.0,1.0,0.0,19.0,16.0,0.0,-0.0,-0.0,-0.0,-1.0,2.0,1.0,9
53,53,2001-01-23,2001.0,1.0,4.0,23.0,0.0,0.0,0.0,1.0,0.0,1.0,0.0,0.0,0.0,0.9330127018922194,0.75,0.9447800549796659,0.7284149301950444,3.0,1.0,0.0,19.0,16.0,0.0,-0.0,0.0,-0.0,0.0,4.0,0.0,9
54,54,2001-01-24,2001.0,1.0,4.0,24.0,0.0,0.0,0.0,1.0,0.0,1.0,0.0,0.0,0.0,0.9330127018922194,0.75,0.9447800549796659,0.7284149301950444,3.0,1.0,0.0,19.0,15.0,-0.0,-0.0,-0.0,0.0,0.0,4.0,0.0,9
55,55,2001-01-25,2001.0,1.0,4.0,25.0,0.0,0.0,0.0,1.0,0.0,1.0,0.0,0.0,0.0,0.9330127018922194,0.75,0.9447800549796659,0.7284149301950444,3.0,1.0,0.0,19.0,13.0,0.0,-0.0,0.0,-0.0,2.0,5.0,1.0,9
56,56,2001-01-26,2001.0,1.0,4.0,26.0,0.0,0.0,0.0,1.0,0.0,1.0,0.0,0.0,0.0,0.9330127018922192,0.75,0.9447800549796662,0.7284149301950444,4.0,1.0,0.0,19.0,16.0,0.0,0.0,0.0,0.0,-0.0,1.0,1.0,9
57,57,2001-01-27,2001.0,1.0,4.0,27.0,0.0,0.0,0.0,1.0,0.0,1.0,0.0,0.0,0.0,0.9330127018922194,0.75,0.9447800549796659,0.7284149301950444,4.0,1.0,0.0,19.0,13.0,-0.0,0.0,-0.0,-0.0,0.0,1.0,1.0,9
58,58,2001-01-28,2001.0,1.0,4.0,28.0,0.0,0.0,0.0,1.0,0.0,1.0,0.0,0.0,0.0,0.9330127018922192,0.75,0.9447800549796662,0.7284149301950444,3.0,1.0,0.0,19.0,14.0,-0.0,0.0,-0.0,0.0,-1.0,4.0,1.0,9
57,57,2001-01-27,2001.0,1.0,4.0,27.0,0.0,0.0,0.0,1.0,0.0,1.0,0.0,0.0,0.0,0.9330127018922194,0.75,0.9447800549796659,0.7284149301950444,4.0,1.0,0.0,19.0,13.0,-0.0,0.0,-0.0,-0.0,0.0,1.0,1.0,10
58,58,2001-01-28,2001.0,1.0,4.0,28.0,0.0,0.0,0.0,1.0,0.0,1.0,0.0,0.0,0.0,0.9330127018922192,0.75,0.9447800549796662,0.7284149301950444,3.0,1.0,0.0,19.0,14.0,-0.0,0.0,-0.0,0.0,-1.0,4.0,1.0,10
59,59,2001-01-29,2001.0,1.0,5.0,29.0,0.0,0.0,0.0,1.0,0.0,1.0,0.0,0.0,0.0,0.9330127018922194,0.75,0.91462787454903,0.7794461054290902,6.0,1.0,0.0,19.0,15.0,-0.0,0.0,-0.0,0.0,2.0,17.0,1.0,10
60,60,2001-01-30,2001.0,1.0,5.0,30.0,0.0,0.0,0.0,1.0,0.0,1.0,0.0,0.0,0.0,0.9330127018922194,0.75,0.91462787454903,0.7794461054290902,6.0,1.0,-0.0,19.0,18.0,-0.0,0.0,-0.0,-0.0,1.0,19.0,2.0,10
61,61,2001-01-31,2001.0,1.0,5.0,31.0,0.0,0.0,0.0,1.0,0.0,1.0,0.0,0.0,0.0,0.9330127018922192,0.75,0.91462787454903,0.7794461054290901,9.0,1.0,-0.0,16.0,19.0,0.0,0.0,-0.0,0.0,4.0,1.0,2.0,10
62,62,2002-01-01,2002.0,1.0,1.0,1.0,0.0,0.0,0.0,1.0,0.0,1.0,0.0,0.0,0.0,0.9330127018922194,0.75,0.9964874635286428,0.559162567500375,9.0,0.0,-0.0,18.0,19.0,0.0,0.0,0.0,-0.0,3.0,1.0,2.0,11
63,63,2002-01-02,2002.0,1.0,1.0,2.0,0.0,0.0,0.0,1.0,0.0,1.0,0.0,0.0,0.0,0.9330127018922194,0.75,0.9964874635286428,0.559162567500375,8.0,0.0,-0.0,15.0,19.0,0.0,0.0,0.0,0.0,-0.0,3.0,1.0,11
64,64,2002-01-03,2002.0,1.0,1.0,3.0,0.0,0.0,0.0,1.0,0.0,1.0,0.0,0.0,0.0,0.9330127018922194,0.75,0.9964874635286428,0.559162567500375,5.0,-0.0,-0.0,13.0,19.0,0.0,0.0,0.0,-0.0,-0.0,1.0,0.0,11
65,65,2002-01-04,2002.0,1.0,1.0,4.0,0.0,0.0,0.0,1.0,0.0,1.0,0.0,0.0,0.0,0.9330127018922194,0.75,0.9964874635286428,0.559162567500375,9.0,0.0,0.0,12.0,19.0,-0.0,0.0,-0.0,0.0,1.0,1.0,2.0,11
66,66,2002-01-05,2002.0,1.0,1.0,5.0,0.0,0.0,0.0,1.0,0.0,1.0,0.0,0.0,0.0,0.9330127018922194,0.75,0.9964874635286428,0.559162567500375,7.0,0.0,0.0,17.0,19.0,0.0,-0.0,-0.0,-0.0,-0.0,1.0,2.0,11
67,67,2002-01-06,2002.0,1.0,1.0,6.0,0.0,0.0,0.0,1.0,0.0,1.0,0.0,0.0,0.0,0.9330127018922194,0.75,0.9964874635286428,0.559162567500375,6.0,0.0,0.0,14.0,19.0,-0.0,-0.0,0.0,0.0,1.0,10.0,2.0,11
66,66,2002-01-05,2002.0,1.0,1.0,5.0,0.0,0.0,0.0,1.0,0.0,1.0,0.0,0.0,0.0,0.9330127018922194,0.75,0.9964874635286428,0.559162567500375,7.0,0.0,0.0,17.0,19.0,0.0,-0.0,-0.0,-0.0,-0.0,1.0,2.0,12
67,67,2002-01-06,2002.0,1.0,1.0,6.0,0.0,0.0,0.0,1.0,0.0,1.0,0.0,0.0,0.0,0.9330127018922194,0.75,0.9964874635286428,0.559162567500375,6.0,0.0,0.0,14.0,19.0,-0.0,-0.0,0.0,0.0,1.0,10.0,2.0,12
68,68,2002-01-07,2002.0,1.0,2.0,7.0,0.0,0.0,0.0,1.0,0.0,1.0,0.0,0.0,0.0,0.9330127018922194,0.75,0.9859991624270544,0.6174946222389921,4.0,-0.0,0.0,17.0,19.0,-0.0,-0.0,-0.0,0.0,0.0,13.0,1.0,12
69,69,2002-01-08,2002.0,1.0,2.0,8.0,0.0,0.0,0.0,1.0,0.0,1.0,0.0,0.0,0.0,0.9330127018922192,0.75,0.9859991624270542,0.6174946222389921,5.0,0.0,0.0,19.0,19.0,-0.0,-0.0,0.0,0.0,3.0,5.0,1.0,12
70,70,2002-01-09,2002.0,1.0,2.0,9.0,0.0,0.0,0.0,1.0,0.0,1.0,0.0,0.0,0.0,0.9330127018922194,0.75,0.9859991624270544,0.6174946222389921,5.0,-0.0,-0.0,19.0,19.0,0.0,0.0,-0.0,-0.0,3.0,4.0,1.0,12
71,71,2002-01-10,2002.0,1.0,2.0,10.0,0.0,0.0,0.0,1.0,0.0,1.0,0.0,0.0,0.0,0.9330127018922192,0.75,0.9859991624270542,0.6174946222389921,8.0,0.0,0.0,19.0,19.0,0.0,0.0,0.0,-0.0,3.0,1.0,2.0,12
72,72,2002-01-11,2002.0,1.0,2.0,11.0,0.0,0.0,0.0,1.0,0.0,1.0,0.0,0.0,0.0,0.9330127018922194,0.75,0.9859991624270544,0.6174946222389921,6.0,0.0,0.0,19.0,19.0,-0.0,0.0,-0.0,0.0,3.0,1.0,3.0,12
73,73,2002-01-12,2002.0,1.0,2.0,12.0,0.0,0.0,0.0,1.0,0.0,1.0,0.0,0.0,0.0,0.9330127018922192,0.75,0.9859991624270542,0.6174946222389921,8.0,0.0,0.0,19.0,19.0,-0.0,-0.0,-0.0,-0.0,3.0,1.0,3.0,12
74,74,2002-01-13,2002.0,1.0,2.0,13.0,0.0,0.0,0.0,1.0,0.0,1.0,0.0,0.0,0.0,0.9330127018922194,0.75,0.9859991624270544,0.6174946222389921,4.0,0.0,0.0,19.0,17.0,-0.0,-0.0,-0.0,0.0,3.0,1.0,2.0,12
73,73,2002-01-12,2002.0,1.0,2.0,12.0,0.0,0.0,0.0,1.0,0.0,1.0,0.0,0.0,0.0,0.9330127018922192,0.75,0.9859991624270542,0.6174946222389921,8.0,0.0,0.0,19.0,19.0,-0.0,-0.0,-0.0,-0.0,3.0,1.0,3.0,13
74,74,2002-01-13,2002.0,1.0,2.0,13.0,0.0,0.0,0.0,1.0,0.0,1.0,0.0,0.0,0.0,0.9330127018922194,0.75,0.9859991624270544,0.6174946222389921,4.0,0.0,0.0,19.0,17.0,-0.0,-0.0,-0.0,0.0,3.0,1.0,2.0,13
75,75,2002-01-14,2002.0,1.0,3.0,14.0,0.0,0.0,0.0,1.0,0.0,1.0,0.0,0.0,0.0,0.9330127018922192,0.75,0.9686823294520612,0.6741773100327622,4.0,-0.0,-0.0,17.0,14.0,-0.0,-0.0,0.0,0.0,9.0,1.0,2.0,13
76,76,2002-01-15,2002.0,1.0,3.0,15.0,0.0,0.0,0.0,1.0,0.0,1.0,0.0,0.0,0.0,0.9330127018922192,0.75,0.9686823294520612,0.6741773100327622,5.0,-0.0,-0.0,13.0,16.0,0.0,0.0,0.0,0.0,3.0,1.0,1.0,13
77,77,2002-01-16,2002.0,1.0,3.0,16.0,0.0,0.0,0.0,1.0,0.0,1.0,0.0,0.0,0.0,0.9330127018922194,0.75,0.9686823294520612,0.6741773100327622,7.0,0.0,-0.0,17.0,17.0,0.0,0.0,0.0,0.0,3.0,1.0,2.0,13
78,78,2002-01-17,2002.0,1.0,3.0,17.0,0.0,0.0,0.0,1.0,0.0,1.0,0.0,0.0,0.0,0.9330127018922194,0.75,0.9686823294520612,0.6741773100327622,8.0,0.0,-0.0,16.0,15.0,-0.0,0.0,-0.0,0.0,3.0,1.0,3.0,13
79,79,2002-01-18,2002.0,1.0,3.0,18.0,0.0,0.0,0.0,1.0,0.0,1.0,0.0,0.0,0.0,0.9330127018922194,0.75,0.9686823294520612,0.6741773100327622,11.0,1.0,-0.0,19.0,16.0,0.0,0.0,-0.0,0.0,6.0,1.0,3.0,13
80,80,2002-01-19,2002.0,1.0,3.0,19.0,0.0,0.0,0.0,1.0,0.0,1.0,0.0,0.0,0.0,0.9330127018922194,0.75,0.9686823294520612,0.6741773100327622,9.0,0.0,-0.0,19.0,17.0,0.0,0.0,-0.0,-0.0,4.0,9.0,2.0,13
81,81,2002-01-20,2002.0,1.0,3.0,20.0,0.0,0.0,0.0,1.0,0.0,1.0,0.0,0.0,0.0,0.9330127018922192,0.75,0.9686823294520612,0.6741773100327622,3.0,0.0,-0.0,19.0,16.0,0.0,0.0,-0.0,0.0,3.0,1.0,2.0,13
80,80,2002-01-19,2002.0,1.0,3.0,19.0,0.0,0.0,0.0,1.0,0.0,1.0,0.0,0.0,0.0,0.9330127018922194,0.75,0.9686823294520612,0.6741773100327622,9.0,0.0,-0.0,19.0,17.0,0.0,0.0,-0.0,-0.0,4.0,9.0,2.0,14
81,81,2002-01-20,2002.0,1.0,3.0,20.0,0.0,0.0,0.0,1.0,0.0,1.0,0.0,0.0,0.0,0.9330127018922192,0.75,0.9686823294520612,0.6741773100327622,3.0,0.0,-0.0,19.0,16.0,0.0,0.0,-0.0,0.0,3.0,1.0,2.0,14
82,82,2002-01-21,2002.0,1.0,4.0,21.0,0.0,0.0,0.0,1.0,0.0,1.0,0.0,0.0,0.0,0.9330127018922194,0.75,0.9447800549796659,0.7284149301950444,6.0,0.0,0.0,18.0,19.0,-0.0,-0.0,0.0,0.0,7.0,2.0,1.0,14
83,83,2002-01-22,2002.0,1.0,4.0,22.0,0.0,0.0,0.0,1.0,0.0,1.0,0.0,0.0,0.0,0.9330127018922194,0.75,0.9447800549796659,0.7284149301950444,3.0,-0.0,-0.0,19.0,19.0,-0.0,0.0,0.0,0.0,8.0,4.0,1.0,14
84,84,2002-01-23,2002.0,1.0,4.0,23.0,0.0,0.0,0.0,1.0,0.0,1.0,0.0,0.0,0.0,0.9330127018922194,0.75,0.9447800549796659,0.7284149301950444,2.0,0.0,0.0,17.0,19.0,-0.0,0.0,-0.0,-0.0,3.0,1.0,2.0,14
85,85,2002-01-24,2002.0,1.0,4.0,24.0,0.0,0.0,0.0,1.0,0.0,1.0,0.0,0.0,0.0,0.9330127018922194,0.75,0.9447800549796659,0.7284149301950444,2.0,0.0,-0.0,19.0,19.0,-0.0,0.0,0.0,0.0,3.0,1.0,1.0,14
86,86,2002-01-25,2002.0,1.0,4.0,25.0,0.0,0.0,0.0,1.0,0.0,1.0,0.0,0.0,0.0,0.9330127018922194,0.75,0.9447800549796659,0.7284149301950444,1.0,-0.0,0.0,19.0,18.0,0.0,0.0,0.0,-0.0,3.0,4.0,1.0,14
87,87,2002-01-26,2002.0,1.0,4.0,26.0,0.0,0.0,0.0,1.0,0.0,1.0,0.0,0.0,0.0,0.9330127018922194,0.75,0.9447800549796659,0.7284149301950444,2.0,0.0,-0.0,17.0,18.0,-0.0,0.0,0.0,-0.0,3.0,1.0,1.0,14
88,88,2002-01-27,2002.0,1.0,4.0,27.0,0.0,0.0,0.0,1.0,0.0,1.0,0.0,0.0,0.0,0.9330127018922194,0.75,0.9447800549796659,0.7284149301950444,2.0,0.0,-0.0,15.0,17.0,-0.0,0.0,0.0,-0.0,3.0,1.0,0.0,14
87,87,2002-01-26,2002.0,1.0,4.0,26.0,0.0,0.0,0.0,1.0,0.0,1.0,0.0,0.0,0.0,0.9330127018922194,0.75,0.9447800549796659,0.7284149301950444,2.0,0.0,-0.0,17.0,18.0,-0.0,0.0,0.0,-0.0,3.0,1.0,1.0,15
88,88,2002-01-27,2002.0,1.0,4.0,27.0,0.0,0.0,0.0,1.0,0.0,1.0,0.0,0.0,0.0,0.9330127018922194,0.75,0.9447800549796659,0.7284149301950444,2.0,0.0,-0.0,15.0,17.0,-0.0,0.0,0.0,-0.0,3.0,1.0,0.0,15
89,89,2002-01-28,2002.0,1.0,5.0,28.0,0.0,0.0,0.0,1.0,0.0,1.0,0.0,0.0,0.0,0.9330127018922194,0.75,0.91462787454903,0.7794461054290902,3.0,-0.0,-0.0,17.0,19.0,0.0,0.0,0.0,0.0,9.0,5.0,-0.0,15
90,90,2002-01-29,2002.0,1.0,5.0,29.0,0.0,0.0,0.0,1.0,0.0,1.0,0.0,0.0,0.0,0.9330127018922194,0.75,0.91462787454903,0.7794461054290902,2.0,0.0,0.0,19.0,19.0,0.0,0.0,0.0,-0.0,7.0,6.0,0.0,15
91,91,2002-01-30,2002.0,1.0,5.0,30.0,0.0,0.0,0.0,1.0,0.0,1.0,0.0,0.0,0.0,0.9330127018922194,0.75,0.91462787454903,0.7794461054290902,3.0,0.0,0.0,19.0,19.0,0.0,-0.0,0.0,-0.0,4.0,11.0,-0.0,15
92,92,2002-01-31,2002.0,1.0,5.0,31.0,0.0,0.0,0.0,1.0,0.0,1.0,0.0,0.0,0.0,0.9330127018922194,0.75,0.91462787454903,0.7794461054290902,3.0,-0.0,0.0,16.0,19.0,0.0,-0.0,0.0,0.0,9.0,1.0,-0.0,15
93,93,2003-01-01,2003.0,1.0,1.0,1.0,0.0,0.0,0.0,1.0,0.0,1.0,0.0,0.0,0.0,0.9330127018922194,0.75,0.9964874635286428,0.559162567500375,3.0,0.0,0.0,18.0,14.0,0.0,0.0,-0.0,-0.0,9.0,1.0,-0.0,16
94,94,2003-01-02,2003.0,1.0,1.0,2.0,0.0,0.0,0.0,1.0,0.0,1.0,0.0,0.0,0.0,0.9330127018922194,0.75,0.9964874635286428,0.559162567500375,5.0,-0.0,-0.0,16.0,15.0,-0.0,0.0,0.0,0.0,9.0,2.0,-0.0,16
95,95,2003-01-03,2003.0,1.0,1.0,3.0,0.0,0.0,0.0,1.0,0.0,1.0,0.0,0.0,0.0,0.9330127018922194,0.75,0.9964874635286428,0.559162567500375,5.0,-0.0,0.0,19.0,19.0,0.0,-0.0,0.0,-0.0,8.0,4.0,1.0,16
96,96,2003-01-04,2003.0,1.0,1.0,4.0,0.0,0.0,0.0,1.0,0.0,1.0,0.0,0.0,0.0,0.9330127018922194,0.75,0.9964874635286428,0.559162567500375,7.0,0.0,-0.0,19.0,19.0,0.0,-0.0,0.0,0.0,10.0,1.0,1.0,16
95,95,2003-01-03,2003.0,1.0,1.0,3.0,0.0,0.0,0.0,1.0,0.0,1.0,0.0,0.0,0.0,0.9330127018922194,0.75,0.9964874635286428,0.559162567500375,5.0,-0.0,0.0,19.0,19.0,0.0,-0.0,0.0,-0.0,8.0,4.0,1.0,17
96,96,2003-01-04,2003.0,1.0,1.0,4.0,0.0,0.0,0.0,1.0,0.0,1.0,0.0,0.0,0.0,0.9330127018922194,0.75,0.9964874635286428,0.559162567500375,7.0,0.0,-0.0,19.0,19.0,0.0,-0.0,0.0,0.0,10.0,1.0,1.0,17
97,97,2003-01-06,2003.0,1.0,2.0,6.0,0.0,0.0,0.0,1.0,0.0,1.0,0.0,0.0,0.0,0.9330127018922192,0.75,0.9859991624270542,0.6174946222389921,9.0,0.0,0.0,19.0,19.0,-0.0,-0.0,-0.0,0.0,7.0,2.0,2.0,17
98,98,2003-01-07,2003.0,1.0,2.0,7.0,0.0,0.0,0.0,1.0,0.0,1.0,0.0,0.0,0.0,0.9330127018922194,0.75,0.9859991624270544,0.6174946222389921,9.0,1.0,0.0,19.0,19.0,0.0,-0.0,-0.0,0.0,-0.0,1.0,1.0,17
99,99,2003-01-08,2003.0,1.0,2.0,8.0,0.0,0.0,0.0,1.0,0.0,1.0,0.0,0.0,0.0,0.9330127018922194,0.75,0.9859991624270544,0.6174946222389921,8.0,1.0,0.0,19.0,19.0,0.0,-0.0,0.0,0.0,2.0,2.0,1.0,17
100,100,2003-01-09,2003.0,1.0,2.0,9.0,0.0,0.0,0.0,1.0,0.0,1.0,0.0,0.0,0.0,0.9330127018922194,0.75,0.9859991624270544,0.6174946222389921,9.0,1.0,0.0,19.0,19.0,-0.0,0.0,-0.0,-0.0,4.0,2.0,-0.0,17
101,101,2003-01-10,2003.0,1.0,2.0,10.0,0.0,0.0,0.0,1.0,0.0,1.0,0.0,0.0,0.0,0.9330127018922194,0.75,0.9859991624270544,0.6174946222389921,10.0,-0.0,-0.0,17.0,18.0,0.0,-0.0,0.0,0.0,3.0,1.0,0.0,17
102,102,2003-01-11,2003.0,1.0,2.0,11.0,0.0,0.0,0.0,1.0,0.0,1.0,0.0,0.0,0.0,0.9330127018922194,0.75,0.9859991624270544,0.6174946222389921,3.0,0.0,0.0,19.0,19.0,-0.0,-0.0,0.0,-0.0,3.0,1.0,1.0,17
103,103,2003-01-12,2003.0,1.0,2.0,12.0,0.0,0.0,0.0,1.0,0.0,1.0,0.0,0.0,0.0,0.9330127018922194,0.75,0.9859991624270544,0.6174946222389921,6.0,-0.0,-0.0,19.0,17.0,-0.0,-0.0,0.0,-0.0,8.0,1.0,1.0,17
102,102,2003-01-11,2003.0,1.0,2.0,11.0,0.0,0.0,0.0,1.0,0.0,1.0,0.0,0.0,0.0,0.9330127018922194,0.75,0.9859991624270544,0.6174946222389921,3.0,0.0,0.0,19.0,19.0,-0.0,-0.0,0.0,-0.0,3.0,1.0,1.0,18
103,103,2003-01-12,2003.0,1.0,2.0,12.0,0.0,0.0,0.0,1.0,0.0,1.0,0.0,0.0,0.0,0.9330127018922194,0.75,0.9859991624270544,0.6174946222389921,6.0,-0.0,-0.0,19.0,17.0,-0.0,-0.0,0.0,-0.0,8.0,1.0,1.0,18
104,104,2003-01-13,2003.0,1.0,3.0,13.0,0.0,0.0,0.0,1.0,0.0,1.0,0.0,0.0,0.0,0.9330127018922194,0.75,0.9686823294520612,0.6741773100327622,5.0,0.0,0.0,16.0,19.0,0.0,-0.0,-0.0,-0.0,5.0,1.0,1.0,18
105,105,2003-01-14,2003.0,1.0,3.0,14.0,0.0,0.0,0.0,1.0,0.0,1.0,0.0,0.0,0.0,0.9330127018922194,0.75,0.9686823294520612,0.6741773100327622,3.0,0.0,0.0,16.0,18.0,0.0,0.0,-0.0,0.0,5.0,1.0,1.0,18
106,106,2003-01-15,2003.0,1.0,3.0,15.0,0.0,0.0,0.0,1.0,0.0,1.0,0.0,0.0,0.0,0.9330127018922192,0.75,0.9686823294520612,0.6741773100327622,5.0,0.0,0.0,13.0,19.0,0.0,-0.0,0.0,-0.0,3.0,1.0,0.0,18
107,107,2003-01-16,2003.0,1.0,3.0,16.0,0.0,0.0,0.0,1.0,0.0,1.0,0.0,0.0,0.0,0.9330127018922194,0.75,0.9686823294520612,0.6741773100327622,8.0,0.0,-0.0,9.0,19.0,0.0,0.0,-0.0,-0.0,3.0,1.0,0.0,18
108,108,2003-01-17,2003.0,1.0,3.0,17.0,0.0,0.0,0.0,1.0,0.0,1.0,0.0,0.0,0.0,0.9330127018922194,0.75,0.9686823294520612,0.6741773100327622,8.0,-0.0,0.0,18.0,17.0,-0.0,-0.0,0.0,0.0,3.0,1.0,-0.0,18
109,109,2003-01-18,2003.0,1.0,3.0,18.0,0.0,0.0,0.0,1.0,0.0,1.0,0.0,0.0,0.0,0.9330127018922194,0.75,0.9686823294520612,0.6741773100327622,9.0,-0.0,-0.0,16.0,16.0,0.0,0.0,0.0,-0.0,3.0,1.0,1.0,18
110,110,2003-01-19,2003.0,1.0,3.0,19.0,0.0,0.0,0.0,1.0,0.0,1.0,0.0,0.0,0.0,0.9330127018922194,0.75,0.9686823294520612,0.6741773100327622,9.0,0.0,-0.0,19.0,14.0,0.0,-0.0,0.0,0.0,3.0,1.0,0.0,18
109,109,2003-01-18,2003.0,1.0,3.0,18.0,0.0,0.0,0.0,1.0,0.0,1.0,0.0,0.0,0.0,0.9330127018922194,0.75,0.9686823294520612,0.6741773100327622,9.0,-0.0,-0.0,16.0,16.0,0.0,0.0,0.0,-0.0,3.0,1.0,1.0,19
110,110,2003-01-19,2003.0,1.0,3.0,19.0,0.0,0.0,0.0,1.0,0.0,1.0,0.0,0.0,0.0,0.9330127018922194,0.75,0.9686823294520612,0.6741773100327622,9.0,0.0,-0.0,19.0,14.0,0.0,-0.0,0.0,0.0,3.0,1.0,0.0,19
111,111,2003-01-20,2003.0,1.0,4.0,20.0,0.0,0.0,0.0,1.0,0.0,1.0,0.0,0.0,0.0,0.9330127018922192,0.75,0.9447800549796662,0.7284149301950444,9.0,0.0,0.0,19.0,14.0,0.0,-0.0,0.0,-0.0,3.0,1.0,-0.0,19
112,112,2003-01-21,2003.0,1.0,4.0,21.0,0.0,0.0,0.0,1.0,0.0,1.0,0.0,0.0,0.0,0.9330127018922194,0.75,0.9447800549796659,0.7284149301950444,8.0,-0.0,0.0,19.0,19.0,-0.0,0.0,-0.0,-0.0,15.0,1.0,0.0,19
113,113,2003-01-22,2003.0,1.0,4.0,22.0,0.0,0.0,0.0,1.0,0.0,1.0,0.0,0.0,0.0,0.9330127018922194,0.75,0.9447800549796659,0.7284149301950444,10.0,0.0,-0.0,19.0,19.0,-0.0,0.0,0.0,0.0,6.0,1.0,0.0,19
114,114,2003-01-23,2003.0,1.0,4.0,23.0,0.0,0.0,0.0,1.0,0.0,1.0,0.0,0.0,0.0,0.9330127018922194,0.75,0.9447800549796659,0.7284149301950444,9.0,-0.0,0.0,18.0,19.0,-0.0,0.0,0.0,-0.0,9.0,1.0,2.0,19
115,115,2003-01-24,2003.0,1.0,4.0,24.0,0.0,0.0,0.0,1.0,0.0,1.0,0.0,0.0,0.0,0.9330127018922194,0.75,0.9447800549796659,0.7284149301950444,9.0,0.0,-0.0,17.0,19.0,0.0,-0.0,0.0,0.0,10.0,1.0,2.0,19
116,116,2003-01-25,2003.0,1.0,4.0,25.0,0.0,0.0,0.0,1.0,0.0,1.0,0.0,0.0,0.0,0.9330127018922194,0.75,0.9447800549796659,0.7284149301950444,9.0,0.0,0.0,17.0,19.0,0.0,-0.0,0.0,0.0,9.0,1.0,2.0,19
117,117,2003-01-26,2003.0,1.0,4.0,26.0,0.0,0.0,0.0,1.0,0.0,1.0,0.0,0.0,0.0,0.9330127018922194,0.75,0.9447800549796659,0.7284149301950444,7.0,0.0,0.0,16.0,19.0,1.0,-0.0,0.0,-0.0,8.0,1.0,3.0,19
116,116,2003-01-25,2003.0,1.0,4.0,25.0,0.0,0.0,0.0,1.0,0.0,1.0,0.0,0.0,0.0,0.9330127018922194,0.75,0.9447800549796659,0.7284149301950444,9.0,0.0,0.0,17.0,19.0,0.0,-0.0,0.0,0.0,9.0,1.0,2.0,20
117,117,2003-01-26,2003.0,1.0,4.0,26.0,0.0,0.0,0.0,1.0,0.0,1.0,0.0,0.0,0.0,0.9330127018922194,0.75,0.9447800549796659,0.7284149301950444,7.0,0.0,0.0,16.0,19.0,1.0,-0.0,0.0,-0.0,8.0,1.0,3.0,20
118,118,2003-01-27,2003.0,1.0,5.0,27.0,0.0,0.0,0.0,1.0,0.0,1.0,0.0,0.0,0.0,0.9330127018922194,0.75,0.91462787454903,0.7794461054290902,6.0,-0.0,-0.0,16.0,19.0,0.0,0.0,0.0,0.0,3.0,6.0,2.0,20
119,119,2003-01-28,2003.0,1.0,5.0,28.0,0.0,0.0,0.0,1.0,0.0,1.0,0.0,0.0,0.0,0.9330127018922194,0.75,0.91462787454903,0.7794461054290902,5.0,-0.0,0.0,17.0,19.0,0.0,-0.0,0.0,0.0,3.0,6.0,2.0,20
120,120,2003-01-29,2003.0,1.0,5.0,29.0,0.0,0.0,0.0,1.0,0.0,1.0,0.0,0.0,0.0,0.9330127018922194,0.75,0.91462787454903,0.7794461054290902,5.0,-0.0,0.0,18.0,19.0,0.0,0.0,0.0,0.0,3.0,1.0,2.0,20
121,121,2003-01-30,2003.0,1.0,5.0,30.0,0.0,0.0,0.0,1.0,0.0,1.0,0.0,0.0,0.0,0.9330127018922194,0.75,0.91462787454903,0.7794461054290902,3.0,0.0,-0.0,16.0,19.0,0.0,-0.0,0.0,0.0,3.0,1.0,2.0,20
122,122,2003-01-31,2003.0,1.0,5.0,31.0,0.0,0.0,0.0,1.0,0.0,1.0,0.0,0.0,0.0,0.9330127018922194,0.75,0.91462787454903,0.7794461054290902,4.0,0.0,0.0,16.0,19.0,0.0,0.0,-0.0,-0.0,3.0,2.0,2.0,20
123,123,2004-01-01,2004.0,1.0,1.0,1.0,0.0,0.0,0.0,1.0,0.0,1.0,0.0,0.0,0.0,0.9330127018922196,0.75,0.9964874635286428,0.559162567500375,5.0,-0.0,-0.0,17.0,19.0,-0.0,-0.0,0.0,0.0,3.0,1.0,2.0,21
124,124,2004-01-02,2004.0,1.0,1.0,2.0,0.0,0.0,0.0,1.0,0.0,1.0,0.0,0.0,0.0,0.9330127018922196,0.75,0.9964874635286428,0.559162567500375,4.0,-0.0,-0.0,19.0,19.0,0.0,-0.0,0.0,-0.0,4.0,4.0,2.0,21
125,125,2004-01-03,2004.0,1.0,1.0,3.0,0.0,0.0,0.0,1.0,0.0,1.0,0.0,0.0,0.0,0.9330127018922196,0.75,0.9964874635286428,0.559162567500375,5.0,0.0,-0.0,19.0,19.0,-0.0,-0.0,0.0,0.0,3.0,5.0,1.0,21
126,126,2004-01-04,2004.0,1.0,1.0,4.0,0.0,0.0,0.0,1.0,0.0,1.0,0.0,0.0,0.0,0.9330127018922196,0.75,0.9964874635286428,0.559162567500375,2.0,-0.0,-0.0,18.0,18.0,-0.0,-0.0,-0.0,0.0,3.0,8.0,1.0,21
125,125,2004-01-03,2004.0,1.0,1.0,3.0,0.0,0.0,0.0,1.0,0.0,1.0,0.0,0.0,0.0,0.9330127018922196,0.75,0.9964874635286428,0.559162567500375,5.0,0.0,-0.0,19.0,19.0,-0.0,-0.0,0.0,0.0,3.0,5.0,1.0,22
126,126,2004-01-04,2004.0,1.0,1.0,4.0,0.0,0.0,0.0,1.0,0.0,1.0,0.0,0.0,0.0,0.9330127018922196,0.75,0.9964874635286428,0.559162567500375,2.0,-0.0,-0.0,18.0,18.0,-0.0,-0.0,-0.0,0.0,3.0,8.0,1.0,22
127,127,2004-01-05,2004.0,1.0,2.0,5.0,0.0,0.0,0.0,1.0,0.0,1.0,0.0,0.0,0.0,0.9330127018922194,0.75,0.9859991624270544,0.6174946222389921,2.0,-0.0,0.0,19.0,19.0,-0.0,0.0,0.0,0.0,3.0,9.0,1.0,22
128,128,2004-01-06,2004.0,1.0,2.0,6.0,0.0,0.0,0.0,1.0,0.0,1.0,0.0,0.0,0.0,0.9330127018922196,0.75,0.9859991624270544,0.6174946222389921,3.0,-0.0,-0.0,19.0,19.0,-0.0,0.0,0.0,-0.0,3.0,1.0,2.0,22
129,129,2004-01-07,2004.0,1.0,2.0,7.0,0.0,0.0,0.0,1.0,0.0,1.0,0.0,0.0,0.0,0.9330127018922194,0.75,0.9859991624270544,0.6174946222389921,3.0,-0.0,0.0,17.0,17.0,-0.0,0.0,0.0,-0.0,3.0,7.0,1.0,22
130,130,2004-01-08,2004.0,1.0,2.0,8.0,0.0,0.0,0.0,1.0,0.0,1.0,0.0,0.0,0.0,0.9330127018922194,0.75,0.9859991624270544,0.6174946222389921,2.0,0.0,0.0,19.0,13.0,-0.0,0.0,0.0,-0.0,3.0,1.0,0.0,22
131,131,2004-01-09,2004.0,1.0,2.0,9.0,0.0,0.0,0.0,1.0,0.0,1.0,0.0,0.0,0.0,0.9330127018922194,0.75,0.9859991624270544,0.6174946222389921,3.0,-0.0,0.0,19.0,16.0,0.0,-0.0,0.0,0.0,3.0,1.0,0.0,22
132,132,2004-01-10,2004.0,1.0,2.0,10.0,0.0,0.0,0.0,1.0,0.0,1.0,0.0,0.0,0.0,0.9330127018922194,0.75,0.9859991624270544,0.6174946222389921,5.0,0.0,0.0,19.0,16.0,0.0,-0.0,0.0,0.0,3.0,1.0,1.0,22
133,133,2004-01-11,2004.0,1.0,2.0,11.0,0.0,0.0,0.0,1.0,0.0,1.0,0.0,0.0,0.0,0.9330127018922194,0.75,0.9859991624270544,0.6174946222389921,5.0,1.0,-0.0,19.0,13.0,0.0,-0.0,-0.0,-0.0,3.0,1.0,1.0,22
132,132,2004-01-10,2004.0,1.0,2.0,10.0,0.0,0.0,0.0,1.0,0.0,1.0,0.0,0.0,0.0,0.9330127018922194,0.75,0.9859991624270544,0.6174946222389921,5.0,0.0,0.0,19.0,16.0,0.0,-0.0,0.0,0.0,3.0,1.0,1.0,23
133,133,2004-01-11,2004.0,1.0,2.0,11.0,0.0,0.0,0.0,1.0,0.0,1.0,0.0,0.0,0.0,0.9330127018922194,0.75,0.9859991624270544,0.6174946222389921,5.0,1.0,-0.0,19.0,13.0,0.0,-0.0,-0.0,-0.0,3.0,1.0,1.0,23
134,134,2004-01-12,2004.0,1.0,3.0,12.0,0.0,0.0,0.0,1.0,0.0,1.0,0.0,0.0,0.0,0.9330127018922196,0.75,0.9686823294520612,0.6741773100327623,6.0,1.0,-0.0,19.0,14.0,-0.0,-0.0,0.0,0.0,3.0,4.0,1.0,23
135,135,2004-01-13,2004.0,1.0,3.0,13.0,0.0,0.0,0.0,1.0,0.0,1.0,0.0,0.0,0.0,0.9330127018922194,0.75,0.9686823294520612,0.6741773100327622,5.0,1.0,0.0,16.0,14.0,0.0,-0.0,-0.0,-0.0,5.0,2.0,1.0,23
136,136,2004-01-14,2004.0,1.0,3.0,14.0,0.0,0.0,0.0,1.0,0.0,1.0,0.0,0.0,0.0,0.9330127018922196,0.75,0.9686823294520612,0.6741773100327623,6.0,-0.0,0.0,19.0,13.0,-0.0,-0.0,-0.0,-0.0,7.0,1.0,1.0,23
137,137,2004-01-15,2004.0,1.0,3.0,15.0,0.0,0.0,0.0,1.0,0.0,1.0,0.0,0.0,0.0,0.9330127018922194,0.75,0.9686823294520612,0.6741773100327622,8.0,0.0,-0.0,16.0,16.0,0.0,-0.0,0.0,0.0,10.0,2.0,1.0,23
138,138,2004-01-16,2004.0,1.0,3.0,16.0,0.0,0.0,0.0,1.0,0.0,1.0,0.0,0.0,0.0,0.9330127018922196,0.75,0.9686823294520612,0.6741773100327623,9.0,-0.0,-0.0,15.0,17.0,-0.0,-0.0,0.0,-0.0,13.0,1.0,1.0,23
139,139,2004-01-17,2004.0,1.0,3.0,17.0,0.0,0.0,0.0,1.0,0.0,1.0,0.0,0.0,0.0,0.9330127018922194,0.75,0.9686823294520612,0.6741773100327622,9.0,0.0,-0.0,18.0,13.0,0.0,0.0,-0.0,0.0,8.0,1.0,2.0,23
140,140,2004-01-18,2004.0,1.0,3.0,18.0,0.0,0.0,0.0,1.0,0.0,1.0,0.0,0.0,0.0,0.9330127018922196,0.75,0.9686823294520612,0.6741773100327623,10.0,0.0,0.0,17.0,16.0,-0.0,0.0,0.0,-0.0,7.0,7.0,2.0,23
139,139,2004-01-17,2004.0,1.0,3.0,17.0,0.0,0.0,0.0,1.0,0.0,1.0,0.0,0.0,0.0,0.9330127018922194,0.75,0.9686823294520612,0.6741773100327622,9.0,0.0,-0.0,18.0,13.0,0.0,0.0,-0.0,0.0,8.0,1.0,2.0,24
140,140,2004-01-18,2004.0,1.0,3.0,18.0,0.0,0.0,0.0,1.0,0.0,1.0,0.0,0.0,0.0,0.9330127018922196,0.75,0.9686823294520612,0.6741773100327623,10.0,0.0,0.0,17.0,16.0,-0.0,0.0,0.0,-0.0,7.0,7.0,2.0,24
141,141,2004-01-19,2004.0,1.0,4.0,19.0,0.0,0.0,0.0,1.0,0.0,1.0,0.0,0.0,0.0,0.9330127018922194,0.75,0.9447800549796659,0.7284149301950444,8.0,0.0,0.0,19.0,19.0,-0.0,-0.0,-0.0,-0.0,8.0,1.0,1.0,24
142,142,2004-01-20,2004.0,1.0,4.0,20.0,0.0,0.0,0.0,1.0,0.0,1.0,0.0,0.0,0.0,0.9330127018922196,0.75,0.944780054979666,0.7284149301950444,8.0,-0.0,-0.0,15.0,18.0,-0.0,0.0,0.0,-0.0,10.0,1.0,1.0,24
143,143,2004-01-21,2004.0,1.0,4.0,21.0,0.0,0.0,0.0,1.0,0.0,1.0,0.0,0.0,0.0,0.9330127018922194,0.75,0.9447800549796659,0.7284149301950444,11.0,-0.0,-0.0,14.0,17.0,-0.0,0.0,-0.0,0.0,4.0,2.0,1.0,24
144,144,2004-01-22,2004.0,1.0,4.0,22.0,0.0,0.0,0.0,1.0,0.0,1.0,0.0,0.0,0.0,0.9330127018922194,0.75,0.9447800549796659,0.7284149301950444,-1.0,1.0,0.0,10.0,16.0,-0.0,-0.0,0.0,0.0,12.0,1.0,3.0,24
145,145,2004-01-23,2004.0,1.0,4.0,23.0,0.0,0.0,0.0,1.0,0.0,1.0,0.0,0.0,0.0,0.9330127018922194,0.75,0.9447800549796659,0.7284149301950444,2.0,0.0,-0.0,13.0,16.0,-0.0,0.0,-0.0,-0.0,-1.0,5.0,3.0,24
146,146,2004-01-24,2004.0,1.0,4.0,24.0,0.0,0.0,0.0,1.0,0.0,1.0,0.0,0.0,0.0,0.9330127018922196,0.75,0.944780054979666,0.7284149301950444,3.0,0.0,0.0,10.0,14.0,-0.0,0.0,0.0,0.0,2.0,7.0,1.0,24
147,147,2004-01-25,2004.0,1.0,4.0,25.0,0.0,0.0,0.0,1.0,0.0,1.0,0.0,0.0,0.0,0.9330127018922194,0.75,0.9447800549796659,0.7284149301950444,3.0,1.0,0.0,16.0,15.0,-0.0,-0.0,0.0,-0.0,-0.0,1.0,1.0,24
146,146,2004-01-24,2004.0,1.0,4.0,24.0,0.0,0.0,0.0,1.0,0.0,1.0,0.0,0.0,0.0,0.9330127018922196,0.75,0.944780054979666,0.7284149301950444,3.0,0.0,0.0,10.0,14.0,-0.0,0.0,0.0,0.0,2.0,7.0,1.0,25
147,147,2004-01-25,2004.0,1.0,4.0,25.0,0.0,0.0,0.0,1.0,0.0,1.0,0.0,0.0,0.0,0.9330127018922194,0.75,0.9447800549796659,0.7284149301950444,3.0,1.0,0.0,16.0,15.0,-0.0,-0.0,0.0,-0.0,-0.0,1.0,1.0,25
148,148,2004-01-26,2004.0,1.0,5.0,26.0,0.0,0.0,0.0,1.0,0.0,1.0,0.0,0.0,0.0,0.9330127018922194,0.75,0.91462787454903,0.7794461054290902,4.0,0.0,0.0,17.0,18.0,0.0,0.0,-0.0,0.0,1.0,2.0,1.0,25
149,149,2004-01-27,2004.0,1.0,5.0,27.0,0.0,0.0,0.0,1.0,0.0,1.0,0.0,0.0,0.0,0.9330127018922196,0.75,0.91462787454903,0.7794461054290903,3.0,-0.0,0.0,19.0,19.0,-0.0,0.0,0.0,0.0,3.0,1.0,1.0,25
150,150,2004-01-28,2004.0,1.0,5.0,28.0,0.0,0.0,0.0,1.0,0.0,1.0,0.0,0.0,0.0,0.9330127018922194,0.75,0.91462787454903,0.7794461054290902,2.0,-0.0,0.0,16.0,18.0,0.0,-0.0,0.0,0.0,3.0,15.0,2.0,25
151,151,2004-01-29,2004.0,1.0,5.0,29.0,0.0,0.0,0.0,1.0,0.0,1.0,0.0,0.0,0.0,0.9330127018922194,0.75,0.91462787454903,0.7794461054290902,3.0,0.0,-0.0,14.0,17.0,-0.0,-0.0,0.0,-0.0,10.0,4.0,1.0,25
152,152,2004-01-30,2004.0,1.0,5.0,30.0,0.0,0.0,0.0,1.0,0.0,1.0,0.0,0.0,0.0,0.9330127018922194,0.75,0.91462787454903,0.7794461054290902,3.0,0.0,-0.0,14.0,16.0,0.0,0.0,0.0,-0.0,5.0,1.0,1.0,25
153,153,2004-01-31,2004.0,1.0,5.0,31.0,0.0,0.0,0.0,1.0,0.0,1.0,0.0,0.0,0.0,0.9330127018922194,0.75,0.91462787454903,0.7794461054290902,3.0,-0.0,0.0,16.0,17.0,1.0,-0.0,0.0,0.0,1.0,2.0,2.0,25
154,154,2005-01-01,2005.0,1.0,53.0,1.0,0.0,0.0,0.0,1.0,0.0,1.0,0.0,0.0,0.0,0.9330127018922194,0.75,1.0,0.4999999999999998,4.0,-0.0,0.0,15.0,19.0,-0.0,-0.0,0.0,0.0,2.0,1.0,-0.0,26
155,155,2005-01-02,2005.0,1.0,53.0,2.0,0.0,0.0,0.0,1.0,0.0,1.0,0.0,0.0,0.0,0.9330127018922194,0.75,1.0,0.4999999999999998,5.0,-0.0,-0.0,18.0,19.0,-0.0,-0.0,-0.0,-0.0,10.0,1.0,0.0,26
154,154,2005-01-01,2005.0,1.0,53.0,1.0,0.0,0.0,0.0,1.0,0.0,1.0,0.0,0.0,0.0,0.9330127018922194,0.75,1.0,0.4999999999999998,4.0,-0.0,0.0,15.0,19.0,-0.0,-0.0,0.0,0.0,2.0,1.0,-0.0,27
155,155,2005-01-02,2005.0,1.0,53.0,2.0,0.0,0.0,0.0,1.0,0.0,1.0,0.0,0.0,0.0,0.9330127018922194,0.75,1.0,0.4999999999999998,5.0,-0.0,-0.0,18.0,19.0,-0.0,-0.0,-0.0,-0.0,10.0,1.0,0.0,27
156,156,2005-01-03,2005.0,1.0,1.0,3.0,0.0,0.0,0.0,1.0,0.0,1.0,0.0,0.0,0.0,0.9330127018922194,0.75,0.9964874635286428,0.559162567500375,3.0,-0.0,-0.0,17.0,17.0,0.0,0.0,-0.0,0.0,3.0,10.0,-0.0,27
157,157,2005-01-04,2005.0,1.0,1.0,4.0,0.0,0.0,0.0,1.0,0.0,1.0,0.0,0.0,0.0,0.9330127018922194,0.75,0.9964874635286428,0.559162567500375,4.0,0.0,-0.0,14.0,17.0,-0.0,-0.0,-0.0,0.0,3.0,1.0,1.0,27
158,158,2005-01-05,2005.0,1.0,1.0,5.0,0.0,0.0,0.0,1.0,0.0,1.0,0.0,0.0,0.0,0.9330127018922194,0.75,0.9964874635286428,0.559162567500375,3.0,-0.0,0.0,15.0,17.0,-0.0,0.0,0.0,-0.0,8.0,1.0,1.0,27
159,159,2005-01-06,2005.0,1.0,1.0,6.0,0.0,0.0,0.0,1.0,0.0,1.0,0.0,0.0,0.0,0.9330127018922194,0.75,0.9964874635286428,0.559162567500375,4.0,-0.0,0.0,18.0,14.0,0.0,-0.0,0.0,0.0,3.0,1.0,1.0,27
160,160,2005-01-07,2005.0,1.0,1.0,7.0,0.0,0.0,0.0,1.0,0.0,1.0,0.0,0.0,0.0,0.9330127018922194,0.75,0.9964874635286428,0.559162567500375,6.0,-0.0,-0.0,14.0,14.0,0.0,0.0,0.0,-0.0,-0.0,1.0,1.0,27
161,161,2005-01-08,2005.0,1.0,1.0,8.0,0.0,0.0,0.0,1.0,0.0,1.0,0.0,0.0,0.0,0.9330127018922194,0.75,0.9964874635286428,0.559162567500375,6.0,0.0,0.0,17.0,15.0,0.0,-0.0,-0.0,-0.0,1.0,1.0,2.0,27
162,162,2005-01-09,2005.0,1.0,1.0,9.0,0.0,0.0,0.0,1.0,0.0,1.0,0.0,0.0,0.0,0.9330127018922194,0.75,0.9964874635286428,0.559162567500375,4.0,-0.0,0.0,19.0,17.0,-0.0,-0.0,-0.0,0.0,1.0,6.0,1.0,27
161,161,2005-01-08,2005.0,1.0,1.0,8.0,0.0,0.0,0.0,1.0,0.0,1.0,0.0,0.0,0.0,0.9330127018922194,0.75,0.9964874635286428,0.559162567500375,6.0,0.0,0.0,17.0,15.0,0.0,-0.0,-0.0,-0.0,1.0,1.0,2.0,28
162,162,2005-01-09,2005.0,1.0,1.0,9.0,0.0,0.0,0.0,1.0,0.0,1.0,0.0,0.0,0.0,0.9330127018922194,0.75,0.9964874635286428,0.559162567500375,4.0,-0.0,0.0,19.0,17.0,-0.0,-0.0,-0.0,0.0,1.0,6.0,1.0,28
163,163,2005-01-10,2005.0,1.0,2.0,10.0,0.0,0.0,0.0,1.0,0.0,1.0,0.0,0.0,0.0,0.9330127018922194,0.75,0.9859991624270544,0.6174946222389921,4.0,-0.0,-0.0,10.0,17.0,-0.0,-0.0,-0.0,0.0,1.0,2.0,3.0,28
164,164,2005-01-11,2005.0,1.0,2.0,11.0,0.0,0.0,0.0,1.0,0.0,1.0,0.0,0.0,0.0,0.9330127018922194,0.75,0.9859991624270544,0.6174946222389921,4.0,-0.0,0.0,16.0,16.0,0.0,0.0,-0.0,0.0,9.0,1.0,3.0,28
165,165,2005-01-12,2005.0,1.0,2.0,12.0,0.0,0.0,0.0,1.0,0.0,1.0,0.0,0.0,0.0,0.9330127018922194,0.75,0.9859991624270544,0.6174946222389921,3.0,0.0,0.0,15.0,18.0,0.0,-0.0,0.0,-0.0,2.0,4.0,4.0,28
166,166,2005-01-13,2005.0,1.0,2.0,13.0,0.0,0.0,0.0,1.0,0.0,1.0,0.0,0.0,0.0,0.9330127018922194,0.75,0.9859991624270544,0.6174946222389921,2.0,-0.0,-0.0,12.0,18.0,0.0,-0.0,-0.0,-0.0,3.0,1.0,3.0,28
167,167,2005-01-14,2005.0,1.0,2.0,14.0,0.0,0.0,0.0,1.0,0.0,1.0,0.0,0.0,0.0,0.9330127018922194,0.75,0.9859991624270544,0.6174946222389921,4.0,0.0,-0.0,18.0,18.0,0.0,0.0,-0.0,-0.0,3.0,1.0,3.0,28
168,168,2005-01-15,2005.0,1.0,2.0,15.0,0.0,0.0,0.0,1.0,0.0,1.0,0.0,0.0,0.0,0.9330127018922194,0.75,0.9859991624270544,0.6174946222389921,5.0,-0.0,0.0,19.0,18.0,1.0,-0.0,0.0,0.0,9.0,8.0,2.0,28
169,169,2005-01-16,2005.0,1.0,2.0,16.0,0.0,0.0,0.0,1.0,0.0,1.0,0.0,0.0,0.0,0.9330127018922194,0.75,0.9859991624270544,0.6174946222389921,4.0,-0.0,0.0,19.0,19.0,0.0,-0.0,0.0,-0.0,6.0,1.0,3.0,28
168,168,2005-01-15,2005.0,1.0,2.0,15.0,0.0,0.0,0.0,1.0,0.0,1.0,0.0,0.0,0.0,0.9330127018922194,0.75,0.9859991624270544,0.6174946222389921,5.0,-0.0,0.0,19.0,18.0,1.0,-0.0,0.0,0.0,9.0,8.0,2.0,29
169,169,2005-01-16,2005.0,1.0,2.0,16.0,0.0,0.0,0.0,1.0,0.0,1.0,0.0,0.0,0.0,0.9330127018922194,0.75,0.9859991624270544,0.6174946222389921,4.0,-0.0,0.0,19.0,19.0,0.0,-0.0,0.0,-0.0,6.0,1.0,3.0,29
170,170,2005-01-17,2005.0,1.0,3.0,17.0,0.0,0.0,0.0,1.0,0.0,1.0,0.0,0.0,0.0,0.9330127018922194,0.75,0.9686823294520612,0.6741773100327622,6.0,1.0,0.0,19.0,16.0,-0.0,-0.0,0.0,-0.0,6.0,1.0,1.0,29
171,171,2005-01-18,2005.0,1.0,3.0,18.0,0.0,0.0,0.0,1.0,0.0,1.0,0.0,0.0,0.0,0.9330127018922194,0.75,0.9686823294520612,0.6741773100327622,6.0,1.0,0.0,19.0,16.0,0.0,-0.0,-0.0,0.0,3.0,1.0,1.0,29
172,172,2005-01-19,2005.0,1.0,3.0,19.0,0.0,0.0,0.0,1.0,0.0,1.0,0.0,0.0,0.0,0.9330127018922194,0.75,0.9686823294520612,0.6741773100327622,3.0,0.0,-0.0,19.0,16.0,-0.0,0.0,-0.0,0.0,0.0,17.0,2.0,29
173,173,2005-01-20,2005.0,1.0,3.0,20.0,0.0,0.0,0.0,1.0,0.0,1.0,0.0,0.0,0.0,0.9330127018922194,0.75,0.9686823294520612,0.6741773100327622,6.0,0.0,-0.0,19.0,16.0,-0.0,-0.0,0.0,-0.0,3.0,2.0,1.0,29
174,174,2005-01-21,2005.0,1.0,3.0,21.0,0.0,0.0,0.0,1.0,0.0,1.0,0.0,0.0,0.0,0.9330127018922194,0.75,0.9686823294520612,0.6741773100327622,7.0,-0.0,-0.0,19.0,17.0,0.0,-0.0,-0.0,-0.0,5.0,4.0,1.0,29
175,175,2005-01-22,2005.0,1.0,3.0,22.0,0.0,0.0,0.0,1.0,0.0,1.0,0.0,0.0,0.0,0.9330127018922194,0.75,0.9686823294520612,0.6741773100327622,5.0,0.0,0.0,17.0,13.0,0.0,0.0,-0.0,0.0,4.0,1.0,1.0,29
176,176,2005-01-23,2005.0,1.0,3.0,23.0,0.0,0.0,0.0,1.0,0.0,1.0,0.0,0.0,0.0,0.9330127018922194,0.75,0.9686823294520612,0.6741773100327622,6.0,0.0,-0.0,19.0,16.0,0.0,0.0,0.0,-0.0,3.0,1.0,1.0,29
175,175,2005-01-22,2005.0,1.0,3.0,22.0,0.0,0.0,0.0,1.0,0.0,1.0,0.0,0.0,0.0,0.9330127018922194,0.75,0.9686823294520612,0.6741773100327622,5.0,0.0,0.0,17.0,13.0,0.0,0.0,-0.0,0.0,4.0,1.0,1.0,30
176,176,2005-01-23,2005.0,1.0,3.0,23.0,0.0,0.0,0.0,1.0,0.0,1.0,0.0,0.0,0.0,0.9330127018922194,0.75,0.9686823294520612,0.6741773100327622,6.0,0.0,-0.0,19.0,16.0,0.0,0.0,0.0,-0.0,3.0,1.0,1.0,30
177,177,2005-01-24,2005.0,1.0,4.0,24.0,0.0,0.0,0.0,1.0,0.0,1.0,0.0,0.0,0.0,0.9330127018922194,0.75,0.9447800549796659,0.7284149301950444,5.0,-0.0,0.0,19.0,16.0,0.0,-0.0,0.0,-0.0,2.0,1.0,1.0,30
178,178,2005-01-25,2005.0,1.0,4.0,25.0,0.0,0.0,0.0,1.0,0.0,1.0,0.0,0.0,0.0,0.9330127018922194,0.75,0.9447800549796659,0.7284149301950444,6.0,0.0,0.0,18.0,13.0,0.0,-0.0,-0.0,0.0,9.0,1.0,1.0,30
179,179,2005-01-26,2005.0,1.0,4.0,26.0,0.0,0.0,0.0,1.0,0.0,1.0,0.0,0.0,0.0,0.9330127018922194,0.75,0.9447800549796659,0.7284149301950444,7.0,-0.0,0.0,16.0,13.0,-0.0,0.0,0.0,-0.0,8.0,4.0,2.0,30
180,180,2005-01-27,2005.0,1.0,4.0,27.0,0.0,0.0,0.0,1.0,0.0,1.0,0.0,0.0,0.0,0.9330127018922194,0.75,0.9447800549796659,0.7284149301950444,7.0,-0.0,-0.0,19.0,14.0,0.0,-0.0,-0.0,0.0,2.0,1.0,2.0,30
181,181,2005-01-28,2005.0,1.0,4.0,28.0,0.0,0.0,0.0,1.0,0.0,1.0,0.0,0.0,0.0,0.9330127018922194,0.75,0.9447800549796659,0.7284149301950444,5.0,1.0,-0.0,15.0,16.0,-0.0,0.0,-0.0,0.0,7.0,6.0,2.0,30
182,182,2005-01-29,2005.0,1.0,4.0,29.0,0.0,0.0,0.0,1.0,0.0,1.0,0.0,0.0,0.0,0.9330127018922194,0.75,0.9447800549796659,0.7284149301950444,5.0,1.0,-0.0,14.0,15.0,-0.0,-0.0,0.0,-0.0,3.0,1.0,2.0,30
183,183,2005-01-30,2005.0,1.0,4.0,30.0,0.0,0.0,0.0,1.0,0.0,1.0,0.0,0.0,0.0,0.9330127018922194,0.75,0.9447800549796659,0.7284149301950444,3.0,-0.0,0.0,14.0,16.0,0.0,-0.0,-0.0,-0.0,5.0,1.0,2.0,30
182,182,2005-01-29,2005.0,1.0,4.0,29.0,0.0,0.0,0.0,1.0,0.0,1.0,0.0,0.0,0.0,0.9330127018922194,0.75,0.9447800549796659,0.7284149301950444,5.0,1.0,-0.0,14.0,15.0,-0.0,-0.0,0.0,-0.0,3.0,1.0,2.0,31
183,183,2005-01-30,2005.0,1.0,4.0,30.0,0.0,0.0,0.0,1.0,0.0,1.0,0.0,0.0,0.0,0.9330127018922194,0.75,0.9447800549796659,0.7284149301950444,3.0,-0.0,0.0,14.0,16.0,0.0,-0.0,-0.0,-0.0,5.0,1.0,2.0,31
184,184,2005-01-31,2005.0,1.0,5.0,31.0,0.0,0.0,0.0,1.0,0.0,1.0,0.0,0.0,0.0,0.9330127018922194,0.75,0.91462787454903,0.7794461054290902,3.0,0.0,-0.0,13.0,16.0,0.0,0.0,-0.0,0.0,3.0,4.0,2.0,31
185,185,2006-01-01,2006.0,1.0,52.0,1.0,0.0,0.0,0.0,1.0,0.0,1.0,0.0,0.0,0.0,0.9330127018922194,0.75,0.9964874635286428,0.4408374324996249,1.0,0.0,0.0,12.0,19.0,0.0,-0.0,0.0,0.0,2.0,4.0,2.0,32
184,184,2005-01-31,2005.0,1.0,5.0,31.0,0.0,0.0,0.0,1.0,0.0,1.0,0.0,0.0,0.0,0.9330127018922194,0.75,0.91462787454903,0.7794461054290902,3.0,0.0,-0.0,13.0,16.0,0.0,0.0,-0.0,0.0,3.0,4.0,2.0,33
185,185,2006-01-01,2006.0,1.0,52.0,1.0,0.0,0.0,0.0,1.0,0.0,1.0,0.0,0.0,0.0,0.9330127018922194,0.75,0.9964874635286428,0.4408374324996249,1.0,0.0,0.0,12.0,19.0,0.0,-0.0,0.0,0.0,2.0,4.0,2.0,33
186,186,2006-01-02,2006.0,1.0,1.0,2.0,0.0,0.0,0.0,1.0,0.0,1.0,0.0,0.0,0.0,0.9330127018922194,0.75,0.9964874635286428,0.559162567500375,1.0,-0.0,-0.0,15.0,19.0,0.0,0.0,-0.0,0.0,4.0,1.0,2.0,33
187,187,2006-01-03,2006.0,1.0,1.0,3.0,0.0,0.0,0.0,1.0,0.0,1.0,0.0,0.0,0.0,0.9330127018922194,0.75,0.9964874635286428,0.559162567500375,2.0,1.0,-0.0,14.0,17.0,0.0,0.0,-0.0,-0.0,3.0,12.0,2.0,33
188,188,2006-01-04,2006.0,1.0,1.0,4.0,0.0,0.0,0.0,1.0,0.0,1.0,0.0,0.0,0.0,0.9330127018922194,0.75,0.9964874635286428,0.559162567500375,7.0,0.0,0.0,10.0,19.0,-0.0,0.0,0.0,0.0,7.0,12.0,2.0,33
189,189,2006-01-05,2006.0,1.0,1.0,5.0,0.0,0.0,0.0,1.0,0.0,1.0,0.0,0.0,0.0,0.9330127018922194,0.75,0.9964874635286428,0.559162567500375,7.0,0.0,0.0,19.0,18.0,-0.0,-0.0,0.0,0.0,2.0,16.0,1.0,33
190,190,2006-01-06,2006.0,1.0,1.0,6.0,0.0,0.0,0.0,1.0,0.0,1.0,0.0,0.0,0.0,0.9330127018922194,0.75,0.9964874635286428,0.559162567500375,8.0,-0.0,0.0,19.0,19.0,-0.0,0.0,0.0,0.0,6.0,5.0,0.0,33
191,191,2006-01-08,2006.0,1.0,1.0,8.0,0.0,0.0,0.0,1.0,0.0,1.0,0.0,0.0,0.0,0.9330127018922194,0.75,0.9964874635286428,0.559162567500375,5.0,-0.0,-0.0,19.0,17.0,0.0,0.0,0.0,0.0,4.0,1.0,-0.0,33
190,190,2006-01-06,2006.0,1.0,1.0,6.0,0.0,0.0,0.0,1.0,0.0,1.0,0.0,0.0,0.0,0.9330127018922194,0.75,0.9964874635286428,0.559162567500375,8.0,-0.0,0.0,19.0,19.0,-0.0,0.0,0.0,0.0,6.0,5.0,0.0,34
191,191,2006-01-08,2006.0,1.0,1.0,8.0,0.0,0.0,0.0,1.0,0.0,1.0,0.0,0.0,0.0,0.9330127018922194,0.75,0.9964874635286428,0.559162567500375,5.0,-0.0,-0.0,19.0,17.0,0.0,0.0,0.0,0.0,4.0,1.0,-0.0,34
192,192,2006-01-09,2006.0,1.0,2.0,9.0,0.0,0.0,0.0,1.0,0.0,1.0,0.0,0.0,0.0,0.9330127018922194,0.75,0.9859991624270544,0.6174946222389921,5.0,0.0,-0.0,17.0,19.0,0.0,0.0,-0.0,-0.0,3.0,1.0,0.0,34
193,193,2006-01-10,2006.0,1.0,2.0,10.0,0.0,0.0,0.0,1.0,0.0,1.0,0.0,0.0,0.0,0.9330127018922194,0.75,0.9859991624270544,0.6174946222389921,5.0,-0.0,-0.0,13.0,19.0,0.0,-0.0,0.0,-0.0,4.0,1.0,0.0,34
194,194,2006-01-11,2006.0,1.0,2.0,11.0,0.0,0.0,0.0,1.0,0.0,1.0,0.0,0.0,0.0,0.9330127018922194,0.75,0.9859991624270544,0.6174946222389921,8.0,-0.0,-0.0,10.0,18.0,-0.0,0.0,-0.0,-0.0,8.0,1.0,0.0,34
195,195,2006-01-12,2006.0,1.0,2.0,12.0,0.0,0.0,0.0,1.0,0.0,1.0,0.0,0.0,0.0,0.9330127018922194,0.75,0.9859991624270544,0.6174946222389921,4.0,0.0,0.0,19.0,17.0,0.0,-0.0,-0.0,0.0,4.0,4.0,0.0,34
196,196,2006-01-13,2006.0,1.0,2.0,13.0,0.0,0.0,0.0,1.0,0.0,1.0,0.0,0.0,0.0,0.9330127018922194,0.75,0.9859991624270544,0.6174946222389921,6.0,1.0,-0.0,19.0,16.0,-0.0,0.0,0.0,0.0,4.0,4.0,-0.0,34
197,197,2006-01-14,2006.0,1.0,2.0,14.0,0.0,0.0,0.0,1.0,0.0,1.0,0.0,0.0,0.0,0.9330127018922194,0.75,0.9859991624270544,0.6174946222389921,3.0,1.0,0.0,17.0,14.0,-0.0,0.0,0.0,0.0,7.0,3.0,1.0,34
198,198,2006-01-15,2006.0,1.0,2.0,15.0,0.0,0.0,0.0,1.0,0.0,1.0,0.0,0.0,0.0,0.9330127018922194,0.75,0.9859991624270544,0.6174946222389921,3.0,0.0,0.0,19.0,16.0,-0.0,-0.0,0.0,0.0,11.0,5.0,2.0,34
197,197,2006-01-14,2006.0,1.0,2.0,14.0,0.0,0.0,0.0,1.0,0.0,1.0,0.0,0.0,0.0,0.9330127018922194,0.75,0.9859991624270544,0.6174946222389921,3.0,1.0,0.0,17.0,14.0,-0.0,0.0,0.0,0.0,7.0,3.0,1.0,35
198,198,2006-01-15,2006.0,1.0,2.0,15.0,0.0,0.0,0.0,1.0,0.0,1.0,0.0,0.0,0.0,0.9330127018922194,0.75,0.9859991624270544,0.6174946222389921,3.0,0.0,0.0,19.0,16.0,-0.0,-0.0,0.0,0.0,11.0,5.0,2.0,35
199,199,2006-01-16,2006.0,1.0,3.0,16.0,0.0,0.0,0.0,1.0,0.0,1.0,0.0,0.0,0.0,0.9330127018922194,0.75,0.9686823294520612,0.6741773100327622,4.0,0.0,-0.0,19.0,15.0,-0.0,0.0,-0.0,0.0,2.0,4.0,1.0,35
200,200,2006-01-17,2006.0,1.0,3.0,17.0,0.0,0.0,0.0,1.0,0.0,1.0,0.0,0.0,0.0,0.9330127018922194,0.75,0.9686823294520612,0.6741773100327622,2.0,0.0,0.0,19.0,16.0,-0.0,-0.0,-0.0,-0.0,8.0,1.0,0.0,35
201,201,2006-01-18,2006.0,1.0,3.0,18.0,0.0,0.0,0.0,1.0,0.0,1.0,0.0,0.0,0.0,0.9330127018922194,0.75,0.9686823294520612,0.6741773100327622,2.0,-0.0,-0.0,19.0,19.0,-0.0,-0.0,0.0,0.0,3.0,1.0,1.0,35
202,202,2006-01-19,2006.0,1.0,3.0,19.0,0.0,0.0,0.0,1.0,0.0,1.0,0.0,0.0,0.0,0.9330127018922194,0.75,0.9686823294520612,0.6741773100327622,2.0,-0.0,-0.0,19.0,19.0,0.0,0.0,-0.0,-0.0,9.0,14.0,1.0,35
203,203,2006-01-20,2006.0,1.0,3.0,20.0,0.0,0.0,0.0,1.0,0.0,1.0,0.0,0.0,0.0,0.9330127018922194,0.75,0.9686823294520612,0.6741773100327622,1.0,0.0,0.0,19.0,19.0,0.0,-0.0,0.0,-0.0,4.0,5.0,2.0,35
204,204,2006-01-21,2006.0,1.0,3.0,21.0,0.0,0.0,0.0,1.0,0.0,1.0,0.0,0.0,0.0,0.9330127018922194,0.75,0.9686823294520612,0.6741773100327622,3.0,0.0,0.0,17.0,19.0,0.0,-0.0,-0.0,0.0,7.0,4.0,2.0,35
205,205,2006-01-22,2006.0,1.0,3.0,22.0,0.0,0.0,0.0,1.0,0.0,1.0,0.0,0.0,0.0,0.9330127018922194,0.75,0.9686823294520612,0.6741773100327622,1.0,1.0,-0.0,18.0,19.0,-0.0,0.0,-0.0,-0.0,3.0,1.0,2.0,35
204,204,2006-01-21,2006.0,1.0,3.0,21.0,0.0,0.0,0.0,1.0,0.0,1.0,0.0,0.0,0.0,0.9330127018922194,0.75,0.9686823294520612,0.6741773100327622,3.0,0.0,0.0,17.0,19.0,0.0,-0.0,-0.0,0.0,7.0,4.0,2.0,36
205,205,2006-01-22,2006.0,1.0,3.0,22.0,0.0,0.0,0.0,1.0,0.0,1.0,0.0,0.0,0.0,0.9330127018922194,0.75,0.9686823294520612,0.6741773100327622,1.0,1.0,-0.0,18.0,19.0,-0.0,0.0,-0.0,-0.0,3.0,1.0,2.0,36
206,206,2006-01-23,2006.0,1.0,4.0,23.0,0.0,0.0,0.0,1.0,0.0,1.0,0.0,0.0,0.0,0.9330127018922194,0.75,0.9447800549796659,0.7284149301950444,3.0,1.0,-0.0,19.0,19.0,0.0,0.0,-0.0,-0.0,3.0,1.0,2.0,36
207,207,2006-01-24,2006.0,1.0,4.0,24.0,0.0,0.0,0.0,1.0,0.0,1.0,0.0,0.0,0.0,0.9330127018922194,0.75,0.9447800549796659,0.7284149301950444,5.0,1.0,-0.0,16.0,16.0,-0.0,-0.0,0.0,-0.0,3.0,11.0,2.0,36
208,208,2006-01-25,2006.0,1.0,4.0,25.0,0.0,0.0,0.0,1.0,0.0,1.0,0.0,0.0,0.0,0.9330127018922194,0.75,0.9447800549796659,0.7284149301950444,6.0,1.0,-0.0,16.0,19.0,-0.0,0.0,-0.0,-0.0,6.0,10.0,2.0,36
209,209,2006-01-26,2006.0,1.0,4.0,26.0,0.0,0.0,0.0,1.0,0.0,1.0,0.0,0.0,0.0,0.9330127018922194,0.75,0.9447800549796659,0.7284149301950444,5.0,1.0,0.0,14.0,19.0,0.0,-0.0,-0.0,-0.0,9.0,13.0,2.0,36
210,210,2006-01-27,2006.0,1.0,4.0,27.0,0.0,0.0,0.0,1.0,0.0,1.0,0.0,0.0,0.0,0.9330127018922194,0.75,0.9447800549796659,0.7284149301950444,5.0,1.0,0.0,15.0,19.0,0.0,0.0,0.0,-0.0,3.0,7.0,1.0,36
211,211,2006-01-28,2006.0,1.0,4.0,28.0,0.0,0.0,0.0,1.0,0.0,1.0,0.0,0.0,0.0,0.9330127018922194,0.75,0.9447800549796659,0.7284149301950444,11.0,1.0,-0.0,16.0,19.0,-0.0,0.0,0.0,-0.0,3.0,6.0,1.0,36
212,212,2006-01-29,2006.0,1.0,4.0,29.0,0.0,0.0,0.0,1.0,0.0,1.0,0.0,0.0,0.0,0.9330127018922194,0.75,0.9447800549796659,0.7284149301950444,5.0,1.0,0.0,17.0,19.0,-0.0,-0.0,0.0,0.0,3.0,1.0,1.0,36
211,211,2006-01-28,2006.0,1.0,4.0,28.0,0.0,0.0,0.0,1.0,0.0,1.0,0.0,0.0,0.0,0.9330127018922194,0.75,0.9447800549796659,0.7284149301950444,11.0,1.0,-0.0,16.0,19.0,-0.0,0.0,0.0,-0.0,3.0,6.0,1.0,37
212,212,2006-01-29,2006.0,1.0,4.0,29.0,0.0,0.0,0.0,1.0,0.0,1.0,0.0,0.0,0.0,0.9330127018922194,0.75,0.9447800549796659,0.7284149301950444,5.0,1.0,0.0,17.0,19.0,-0.0,-0.0,0.0,0.0,3.0,1.0,1.0,37
213,213,2006-01-30,2006.0,1.0,5.0,30.0,0.0,0.0,0.0,1.0,0.0,1.0,0.0,0.0,0.0,0.9330127018922194,0.75,0.91462787454903,0.7794461054290902,4.0,1.0,0.0,15.0,16.0,0.0,-0.0,0.0,-0.0,3.0,2.0,1.0,37
214,214,2006-01-31,2006.0,1.0,5.0,31.0,0.0,0.0,0.0,1.0,0.0,1.0,0.0,0.0,0.0,0.9330127018922194,0.75,0.91462787454903,0.7794461054290902,6.0,0.0,-0.0,16.0,17.0,-0.0,0.0,-0.0,0.0,3.0,1.0,2.0,37
215,215,2007-01-01,2007.0,1.0,1.0,1.0,0.0,0.0,0.0,1.0,0.0,1.0,0.0,0.0,0.0,0.9330127018922194,0.75,0.9964874635286428,0.559162567500375,5.0,1.0,0.0,16.0,19.0,-0.0,-0.0,0.0,-0.0,3.0,1.0,2.0,38
216,216,2007-01-02,2007.0,1.0,1.0,2.0,0.0,0.0,0.0,1.0,0.0,1.0,0.0,0.0,0.0,0.9330127018922194,0.75,0.9964874635286428,0.559162567500375,7.0,1.0,-0.0,14.0,19.0,0.0,-0.0,0.0,0.0,3.0,3.0,4.0,38
217,217,2007-01-03,2007.0,1.0,1.0,3.0,0.0,0.0,0.0,1.0,0.0,1.0,0.0,0.0,0.0,0.9330127018922194,0.75,0.9964874635286428,0.559162567500375,6.0,1.0,-0.0,17.0,19.0,-0.0,-0.0,0.0,0.0,3.0,1.0,2.0,38
218,218,2007-01-04,2007.0,1.0,1.0,4.0,0.0,0.0,0.0,1.0,0.0,1.0,0.0,0.0,0.0,0.9330127018922194,0.75,0.9964874635286428,0.559162567500375,2.0,1.0,0.0,19.0,19.0,0.0,-0.0,-0.0,-0.0,3.0,4.0,1.0,38
219,219,2007-01-05,2007.0,1.0,1.0,5.0,0.0,0.0,0.0,1.0,0.0,1.0,0.0,0.0,0.0,0.9330127018922194,0.75,0.9964874635286428,0.559162567500375,3.0,1.0,0.0,19.0,19.0,-0.0,0.0,-0.0,-0.0,3.0,5.0,1.0,38
220,220,2007-01-06,2007.0,1.0,1.0,6.0,0.0,0.0,0.0,1.0,0.0,1.0,0.0,0.0,0.0,0.9330127018922194,0.75,0.9964874635286428,0.559162567500375,4.0,1.0,-0.0,19.0,18.0,-0.0,-0.0,-0.0,-0.0,3.0,10.0,1.0,38
221,221,2007-01-07,2007.0,1.0,1.0,7.0,0.0,0.0,0.0,1.0,0.0,1.0,0.0,0.0,0.0,0.9330127018922194,0.75,0.9964874635286428,0.559162567500375,5.0,1.0,0.0,19.0,18.0,0.0,-0.0,0.0,0.0,9.0,18.0,1.0,38
220,220,2007-01-06,2007.0,1.0,1.0,6.0,0.0,0.0,0.0,1.0,0.0,1.0,0.0,0.0,0.0,0.9330127018922194,0.75,0.9964874635286428,0.559162567500375,4.0,1.0,-0.0,19.0,18.0,-0.0,-0.0,-0.0,-0.0,3.0,10.0,1.0,39
221,221,2007-01-07,2007.0,1.0,1.0,7.0,0.0,0.0,0.0,1.0,0.0,1.0,0.0,0.0,0.0,0.9330127018922194,0.75,0.9964874635286428,0.559162567500375,5.0,1.0,0.0,19.0,18.0,0.0,-0.0,0.0,0.0,9.0,18.0,1.0,39
222,222,2007-01-08,2007.0,1.0,2.0,8.0,0.0,0.0,0.0,1.0,0.0,1.0,0.0,0.0,0.0,0.9330127018922194,0.75,0.9859991624270544,0.6174946222389921,4.0,1.0,-0.0,19.0,19.0,0.0,-0.0,-0.0,-0.0,3.0,15.0,0.0,39
223,223,2007-01-09,2007.0,1.0,2.0,9.0,0.0,0.0,0.0,1.0,0.0,1.0,0.0,0.0,0.0,0.9330127018922194,0.75,0.9859991624270544,0.6174946222389921,5.0,1.0,-0.0,19.0,19.0,0.0,-0.0,0.0,-0.0,3.0,1.0,-0.0,39
224,224,2007-01-10,2007.0,1.0,2.0,10.0,0.0,0.0,0.0,1.0,0.0,1.0,0.0,0.0,0.0,0.9330127018922194,0.75,0.9859991624270544,0.6174946222389921,6.0,0.0,-0.0,19.0,18.0,-0.0,-0.0,0.0,0.0,3.0,1.0,2.0,39
225,225,2007-01-11,2007.0,1.0,2.0,11.0,0.0,0.0,0.0,1.0,0.0,1.0,0.0,0.0,0.0,0.9330127018922194,0.75,0.9859991624270544,0.6174946222389921,5.0,1.0,-0.0,19.0,19.0,0.0,-0.0,-0.0,-0.0,3.0,2.0,1.0,39
226,226,2007-01-12,2007.0,1.0,2.0,12.0,0.0,0.0,0.0,1.0,0.0,1.0,0.0,0.0,0.0,0.9330127018922194,0.75,0.9859991624270544,0.6174946222389921,6.0,1.0,-0.0,19.0,19.0,-0.0,-0.0,-0.0,0.0,3.0,1.0,0.0,39
227,227,2007-01-13,2007.0,1.0,2.0,13.0,0.0,0.0,0.0,1.0,0.0,1.0,0.0,0.0,0.0,0.9330127018922194,0.75,0.9859991624270544,0.6174946222389921,4.0,1.0,0.0,19.0,18.0,-0.0,-0.0,0.0,-0.0,3.0,2.0,1.0,39
228,228,2007-01-14,2007.0,1.0,2.0,14.0,0.0,0.0,0.0,1.0,0.0,1.0,0.0,0.0,0.0,0.9330127018922194,0.75,0.9859991624270544,0.6174946222389921,3.0,1.0,-0.0,19.0,16.0,-0.0,-0.0,0.0,0.0,7.0,1.0,1.0,39
227,227,2007-01-13,2007.0,1.0,2.0,13.0,0.0,0.0,0.0,1.0,0.0,1.0,0.0,0.0,0.0,0.9330127018922194,0.75,0.9859991624270544,0.6174946222389921,4.0,1.0,0.0,19.0,18.0,-0.0,-0.0,0.0,-0.0,3.0,2.0,1.0,40
228,228,2007-01-14,2007.0,1.0,2.0,14.0,0.0,0.0,0.0,1.0,0.0,1.0,0.0,0.0,0.0,0.9330127018922194,0.75,0.9859991624270544,0.6174946222389921,3.0,1.0,-0.0,19.0,16.0,-0.0,-0.0,0.0,0.0,7.0,1.0,1.0,40
229,229,2007-01-15,2007.0,1.0,3.0,15.0,0.0,0.0,0.0,1.0,0.0,1.0,0.0,0.0,0.0,0.9330127018922194,0.75,0.9686823294520612,0.6741773100327622,5.0,0.0,-0.0,19.0,16.0,0.0,0.0,-0.0,0.0,10.0,2.0,0.0,40
230,230,2007-01-16,2007.0,1.0,3.0,16.0,0.0,0.0,0.0,1.0,0.0,1.0,0.0,0.0,0.0,0.9330127018922194,0.75,0.9686823294520612,0.6741773100327622,6.0,0.0,-0.0,19.0,17.0,0.0,0.0,-0.0,0.0,9.0,2.0,0.0,40
231,231,2007-01-17,2007.0,1.0,3.0,17.0,0.0,0.0,0.0,1.0,0.0,1.0,0.0,0.0,0.0,0.9330127018922194,0.75,0.9686823294520612,0.6741773100327622,7.0,-0.0,0.0,19.0,14.0,0.0,-0.0,-0.0,0.0,3.0,8.0,1.0,40
232,232,2007-01-18,2007.0,1.0,3.0,18.0,0.0,0.0,0.0,1.0,0.0,1.0,0.0,0.0,0.0,0.9330127018922194,0.75,0.9686823294520612,0.6741773100327622,3.0,-0.0,-0.0,19.0,15.0,-0.0,0.0,0.0,0.0,2.0,1.0,-0.0,40
233,233,2007-01-19,2007.0,1.0,3.0,19.0,0.0,0.0,0.0,1.0,0.0,1.0,0.0,0.0,0.0,0.9330127018922194,0.75,0.9686823294520612,0.6741773100327622,4.0,0.0,0.0,19.0,14.0,0.0,0.0,0.0,-0.0,3.0,4.0,1.0,40
234,234,2007-01-20,2007.0,1.0,3.0,20.0,0.0,0.0,0.0,1.0,0.0,1.0,0.0,0.0,0.0,0.9330127018922194,0.75,0.9686823294520612,0.6741773100327622,3.0,0.0,0.0,19.0,15.0,-0.0,-0.0,-0.0,0.0,3.0,1.0,2.0,40
235,235,2007-01-21,2007.0,1.0,3.0,21.0,0.0,0.0,0.0,1.0,0.0,1.0,0.0,0.0,0.0,0.9330127018922194,0.75,0.9686823294520612,0.6741773100327622,4.0,-0.0,-0.0,14.0,15.0,-0.0,-0.0,0.0,-0.0,6.0,1.0,1.0,40
234,234,2007-01-20,2007.0,1.0,3.0,20.0,0.0,0.0,0.0,1.0,0.0,1.0,0.0,0.0,0.0,0.9330127018922194,0.75,0.9686823294520612,0.6741773100327622,3.0,0.0,0.0,19.0,15.0,-0.0,-0.0,-0.0,0.0,3.0,1.0,2.0,41
235,235,2007-01-21,2007.0,1.0,3.0,21.0,0.0,0.0,0.0,1.0,0.0,1.0,0.0,0.0,0.0,0.9330127018922194,0.75,0.9686823294520612,0.6741773100327622,4.0,-0.0,-0.0,14.0,15.0,-0.0,-0.0,0.0,-0.0,6.0,1.0,1.0,41
236,236,2007-01-22,2007.0,1.0,4.0,22.0,0.0,0.0,0.0,1.0,0.0,1.0,0.0,0.0,0.0,0.9330127018922194,0.75,0.9447800549796659,0.7284149301950444,4.0,-0.0,0.0,14.0,15.0,-0.0,0.0,-0.0,-0.0,3.0,2.0,2.0,41
237,237,2007-01-23,2007.0,1.0,4.0,23.0,0.0,0.0,0.0,1.0,0.0,1.0,0.0,0.0,0.0,0.9330127018922194,0.75,0.9447800549796659,0.7284149301950444,5.0,0.0,-0.0,14.0,15.0,0.0,0.0,-0.0,0.0,16.0,1.0,2.0,41
238,238,2007-01-24,2007.0,1.0,4.0,24.0,0.0,0.0,0.0,1.0,0.0,1.0,0.0,0.0,0.0,0.9330127018922194,0.75,0.9447800549796659,0.7284149301950444,3.0,0.0,-0.0,15.0,16.0,0.0,0.0,-0.0,0.0,1.0,1.0,2.0,41
239,239,2007-01-25,2007.0,1.0,4.0,25.0,0.0,0.0,0.0,1.0,0.0,1.0,0.0,0.0,0.0,0.9330127018922194,0.75,0.9447800549796659,0.7284149301950444,3.0,0.0,0.0,16.0,12.0,-0.0,0.0,0.0,0.0,1.0,1.0,3.0,41
240,240,2007-01-26,2007.0,1.0,4.0,26.0,0.0,0.0,0.0,1.0,0.0,1.0,0.0,0.0,0.0,0.9330127018922194,0.75,0.9447800549796659,0.7284149301950444,2.0,0.0,-0.0,18.0,13.0,0.0,0.0,0.0,0.0,0.0,1.0,2.0,41
241,241,2007-01-27,2007.0,1.0,4.0,27.0,0.0,0.0,0.0,1.0,0.0,1.0,0.0,0.0,0.0,0.9330127018922194,0.75,0.9447800549796659,0.7284149301950444,4.0,1.0,-0.0,18.0,16.0,-0.0,0.0,0.0,-0.0,0.0,5.0,2.0,41
242,242,2007-01-28,2007.0,1.0,4.0,28.0,0.0,0.0,0.0,1.0,0.0,1.0,0.0,0.0,0.0,0.9330127018922194,0.75,0.9447800549796659,0.7284149301950444,3.0,0.0,0.0,19.0,15.0,0.0,0.0,-0.0,0.0,3.0,8.0,2.0,41
241,241,2007-01-27,2007.0,1.0,4.0,27.0,0.0,0.0,0.0,1.0,0.0,1.0,0.0,0.0,0.0,0.9330127018922194,0.75,0.9447800549796659,0.7284149301950444,4.0,1.0,-0.0,18.0,16.0,-0.0,0.0,0.0,-0.0,0.0,5.0,2.0,42
242,242,2007-01-28,2007.0,1.0,4.0,28.0,0.0,0.0,0.0,1.0,0.0,1.0,0.0,0.0,0.0,0.9330127018922194,0.75,0.9447800549796659,0.7284149301950444,3.0,0.0,0.0,19.0,15.0,0.0,0.0,-0.0,0.0,3.0,8.0,2.0,42
243,243,2007-01-29,2007.0,1.0,5.0,29.0,0.0,0.0,0.0,1.0,0.0,1.0,0.0,0.0,0.0,0.9330127018922194,0.75,0.91462787454903,0.7794461054290902,6.0,1.0,0.0,19.0,15.0,0.0,0.0,0.0,0.0,1.0,5.0,2.0,42
244,244,2007-01-30,2007.0,1.0,5.0,30.0,0.0,0.0,0.0,1.0,0.0,1.0,0.0,0.0,0.0,0.9330127018922194,0.75,0.91462787454903,0.7794461054290902,6.0,1.0,-0.0,19.0,17.0,-0.0,-0.0,0.0,-0.0,1.0,1.0,1.0,42
245,245,2007-01-31,2007.0,1.0,5.0,31.0,0.0,0.0,0.0,1.0,0.0,1.0,0.0,0.0,0.0,0.9330127018922194,0.75,0.91462787454903,0.7794461054290902,4.0,1.0,-0.0,19.0,19.0,-0.0,-0.0,0.0,-0.0,-1.0,1.0,2.0,42
246,246,2008-01-01,2008.0,1.0,1.0,1.0,0.0,0.0,0.0,1.0,0.0,1.0,0.0,0.0,0.0,0.9330127018922194,0.75,0.9964874635286428,0.559162567500375,6.0,0.0,0.0,19.0,17.0,0.0,0.0,-0.0,0.0,1.0,1.0,2.0,43
247,247,2008-01-02,2008.0,1.0,1.0,2.0,0.0,0.0,0.0,1.0,0.0,1.0,0.0,0.0,0.0,0.9330127018922194,0.75,0.9964874635286428,0.559162567500375,3.0,-0.0,-0.0,19.0,19.0,0.0,0.0,-0.0,-0.0,2.0,4.0,1.0,43
248,248,2008-01-03,2008.0,1.0,1.0,3.0,0.0,0.0,0.0,1.0,0.0,1.0,0.0,0.0,0.0,0.9330127018922194,0.75,0.9964874635286428,0.559162567500375,5.0,-0.0,0.0,16.0,19.0,0.0,-0.0,-0.0,0.0,1.0,4.0,2.0,43
249,249,2008-01-04,2008.0,1.0,1.0,4.0,0.0,0.0,0.0,1.0,0.0,1.0,0.0,0.0,0.0,0.9330127018922194,0.75,0.9964874635286428,0.559162567500375,4.0,-0.0,0.0,18.0,18.0,-0.0,0.0,0.0,-0.0,4.0,13.0,2.0,43
250,250,2008-01-05,2008.0,1.0,1.0,5.0,0.0,0.0,0.0,1.0,0.0,1.0,0.0,0.0,0.0,0.9330127018922194,0.75,0.9964874635286428,0.559162567500375,4.0,0.0,0.0,19.0,18.0,0.0,0.0,0.0,0.0,2.0,1.0,1.0,43
251,251,2008-01-06,2008.0,1.0,1.0,6.0,0.0,0.0,0.0,1.0,0.0,1.0,0.0,0.0,0.0,0.9330127018922194,0.75,0.9964874635286428,0.559162567500375,4.0,-0.0,0.0,17.0,16.0,0.0,0.0,0.0,0.0,1.0,6.0,2.0,43
250,250,2008-01-05,2008.0,1.0,1.0,5.0,0.0,0.0,0.0,1.0,0.0,1.0,0.0,0.0,0.0,0.9330127018922194,0.75,0.9964874635286428,0.559162567500375,4.0,0.0,0.0,19.0,18.0,0.0,0.0,0.0,0.0,2.0,1.0,1.0,44
251,251,2008-01-06,2008.0,1.0,1.0,6.0,0.0,0.0,0.0,1.0,0.0,1.0,0.0,0.0,0.0,0.9330127018922194,0.75,0.9964874635286428,0.559162567500375,4.0,-0.0,0.0,17.0,16.0,0.0,0.0,0.0,0.0,1.0,6.0,2.0,44
252,252,2008-01-07,2008.0,1.0,2.0,7.0,0.0,0.0,0.0,1.0,0.0,1.0,0.0,0.0,0.0,0.9330127018922194,0.75,0.9859991624270544,0.6174946222389921,5.0,-0.0,0.0,19.0,17.0,-0.0,-0.0,-0.0,0.0,1.0,13.0,2.0,44
253,253,2008-01-08,2008.0,1.0,2.0,8.0,0.0,0.0,0.0,1.0,0.0,1.0,0.0,0.0,0.0,0.9330127018922194,0.75,0.9859991624270544,0.6174946222389921,7.0,-0.0,0.0,19.0,16.0,-0.0,-0.0,-0.0,0.0,0.0,4.0,2.0,44
254,254,2008-01-09,2008.0,1.0,2.0,9.0,0.0,0.0,0.0,1.0,0.0,1.0,0.0,0.0,0.0,0.9330127018922194,0.75,0.9859991624270544,0.6174946222389921,6.0,-0.0,0.0,19.0,16.0,-0.0,0.0,-0.0,0.0,0.0,16.0,1.0,44
255,255,2008-01-10,2008.0,1.0,2.0,10.0,0.0,0.0,0.0,1.0,0.0,1.0,0.0,0.0,0.0,0.9330127018922194,0.75,0.9859991624270544,0.6174946222389921,10.0,0.0,-0.0,16.0,15.0,-0.0,0.0,0.0,0.0,0.0,2.0,1.0,44
256,256,2008-01-11,2008.0,1.0,2.0,11.0,0.0,0.0,0.0,1.0,0.0,1.0,0.0,0.0,0.0,0.9330127018922194,0.75,0.9859991624270544,0.6174946222389921,7.0,0.0,0.0,14.0,19.0,-0.0,-0.0,-0.0,-0.0,0.0,1.0,1.0,44
257,257,2008-01-12,2008.0,1.0,2.0,12.0,0.0,0.0,0.0,1.0,0.0,1.0,0.0,0.0,0.0,0.9330127018922194,0.75,0.9859991624270544,0.6174946222389921,5.0,0.0,-0.0,19.0,19.0,-0.0,0.0,0.0,0.0,0.0,6.0,1.0,44
258,258,2008-01-13,2008.0,1.0,2.0,13.0,0.0,0.0,0.0,1.0,0.0,1.0,0.0,0.0,0.0,0.9330127018922194,0.75,0.9859991624270544,0.6174946222389921,5.0,0.0,0.0,19.0,19.0,-0.0,0.0,-0.0,-0.0,1.0,7.0,1.0,44
257,257,2008-01-12,2008.0,1.0,2.0,12.0,0.0,0.0,0.0,1.0,0.0,1.0,0.0,0.0,0.0,0.9330127018922194,0.75,0.9859991624270544,0.6174946222389921,5.0,0.0,-0.0,19.0,19.0,-0.0,0.0,0.0,0.0,0.0,6.0,1.0,45
258,258,2008-01-13,2008.0,1.0,2.0,13.0,0.0,0.0,0.0,1.0,0.0,1.0,0.0,0.0,0.0,0.9330127018922194,0.75,0.9859991624270544,0.6174946222389921,5.0,0.0,0.0,19.0,19.0,-0.0,0.0,-0.0,-0.0,1.0,7.0,1.0,45
259,259,2008-01-14,2008.0,1.0,3.0,14.0,0.0,0.0,0.0,1.0,0.0,1.0,0.0,0.0,0.0,0.9330127018922194,0.75,0.9686823294520612,0.6741773100327622,5.0,0.0,-0.0,19.0,19.0,-0.0,-0.0,-0.0,-0.0,1.0,6.0,1.0,45
260,260,2008-01-15,2008.0,1.0,3.0,15.0,0.0,0.0,0.0,1.0,0.0,1.0,0.0,0.0,0.0,0.9330127018922194,0.75,0.9686823294520612,0.6741773100327622,4.0,-0.0,-0.0,19.0,19.0,-0.0,-0.0,-0.0,-0.0,2.0,12.0,1.0,45
261,261,2008-01-16,2008.0,1.0,3.0,16.0,0.0,0.0,0.0,1.0,0.0,1.0,0.0,0.0,0.0,0.9330127018922194,0.75,0.9686823294520612,0.6741773100327622,5.0,0.0,-0.0,10.0,19.0,-0.0,-0.0,-0.0,0.0,0.0,5.0,1.0,45
262,262,2008-01-17,2008.0,1.0,3.0,17.0,0.0,0.0,0.0,1.0,0.0,1.0,0.0,0.0,0.0,0.9330127018922194,0.75,0.9686823294520612,0.6741773100327622,5.0,1.0,0.0,11.0,19.0,-0.0,-0.0,-0.0,-0.0,0.0,14.0,1.0,45
263,263,2008-01-18,2008.0,1.0,3.0,18.0,0.0,0.0,0.0,1.0,0.0,1.0,0.0,0.0,0.0,0.9330127018922194,0.75,0.9686823294520612,0.6741773100327622,5.0,-0.0,0.0,16.0,18.0,-0.0,-0.0,-0.0,-0.0,1.0,4.0,3.0,45
264,264,2008-01-19,2008.0,1.0,3.0,19.0,0.0,0.0,0.0,1.0,0.0,1.0,0.0,0.0,0.0,0.9330127018922194,0.75,0.9686823294520612,0.6741773100327622,4.0,0.0,0.0,14.0,16.0,-0.0,-0.0,0.0,0.0,0.0,1.0,3.0,45
265,265,2008-01-20,2008.0,1.0,3.0,20.0,0.0,0.0,0.0,1.0,0.0,1.0,0.0,0.0,0.0,0.9330127018922194,0.75,0.9686823294520612,0.6741773100327622,5.0,-0.0,-0.0,19.0,17.0,0.0,0.0,-0.0,0.0,-0.0,11.0,-0.0,45
264,264,2008-01-19,2008.0,1.0,3.0,19.0,0.0,0.0,0.0,1.0,0.0,1.0,0.0,0.0,0.0,0.9330127018922194,0.75,0.9686823294520612,0.6741773100327622,4.0,0.0,0.0,14.0,16.0,-0.0,-0.0,0.0,0.0,0.0,1.0,3.0,46
265,265,2008-01-20,2008.0,1.0,3.0,20.0,0.0,0.0,0.0,1.0,0.0,1.0,0.0,0.0,0.0,0.9330127018922194,0.75,0.9686823294520612,0.6741773100327622,5.0,-0.0,-0.0,19.0,17.0,0.0,0.0,-0.0,0.0,-0.0,11.0,-0.0,46
266,266,2008-01-21,2008.0,1.0,4.0,21.0,0.0,0.0,0.0,1.0,0.0,1.0,0.0,0.0,0.0,0.9330127018922194,0.75,0.9447800549796659,0.7284149301950444,6.0,1.0,-0.0,19.0,16.0,-0.0,0.0,0.0,-0.0,1.0,7.0,-0.0,46
267,267,2008-01-22,2008.0,1.0,4.0,22.0,0.0,0.0,0.0,1.0,0.0,1.0,0.0,0.0,0.0,0.9330127018922194,0.75,0.9447800549796659,0.7284149301950444,6.0,1.0,-0.0,19.0,16.0,1.0,-0.0,0.0,0.0,2.0,4.0,1.0,46
268,268,2008-01-23,2008.0,1.0,4.0,23.0,0.0,0.0,0.0,1.0,0.0,1.0,0.0,0.0,0.0,0.9330127018922194,0.75,0.9447800549796659,0.7284149301950444,5.0,1.0,0.0,17.0,16.0,0.0,-0.0,-0.0,-0.0,0.0,1.0,0.0,46
269,269,2008-01-24,2008.0,1.0,4.0,24.0,0.0,0.0,0.0,1.0,0.0,1.0,0.0,0.0,0.0,0.9330127018922194,0.75,0.9447800549796659,0.7284149301950444,2.0,1.0,0.0,19.0,15.0,-0.0,-0.0,-0.0,0.0,1.0,1.0,0.0,46
270,270,2008-01-25,2008.0,1.0,4.0,25.0,0.0,0.0,0.0,1.0,0.0,1.0,0.0,0.0,0.0,0.9330127018922194,0.75,0.9447800549796659,0.7284149301950444,4.0,1.0,-0.0,19.0,19.0,-0.0,-0.0,0.0,0.0,4.0,1.0,0.0,46
271,271,2008-01-26,2008.0,1.0,4.0,26.0,0.0,0.0,0.0,1.0,0.0,1.0,0.0,0.0,0.0,0.9330127018922194,0.75,0.9447800549796659,0.7284149301950444,4.0,1.0,-0.0,19.0,14.0,0.0,-0.0,0.0,-0.0,3.0,1.0,1.0,46
272,272,2008-01-27,2008.0,1.0,4.0,27.0,0.0,0.0,0.0,1.0,0.0,1.0,0.0,0.0,0.0,0.9330127018922194,0.75,0.9447800549796659,0.7284149301950444,6.0,1.0,-0.0,19.0,15.0,0.0,-0.0,-0.0,-0.0,3.0,4.0,2.0,46
271,271,2008-01-26,2008.0,1.0,4.0,26.0,0.0,0.0,0.0,1.0,0.0,1.0,0.0,0.0,0.0,0.9330127018922194,0.75,0.9447800549796659,0.7284149301950444,4.0,1.0,-0.0,19.0,14.0,0.0,-0.0,0.0,-0.0,3.0,1.0,1.0,47
272,272,2008-01-27,2008.0,1.0,4.0,27.0,0.0,0.0,0.0,1.0,0.0,1.0,0.0,0.0,0.0,0.9330127018922194,0.75,0.9447800549796659,0.7284149301950444,6.0,1.0,-0.0,19.0,15.0,0.0,-0.0,-0.0,-0.0,3.0,4.0,2.0,47
273,273,2008-01-28,2008.0,1.0,5.0,28.0,0.0,0.0,0.0,1.0,0.0,1.0,0.0,0.0,0.0,0.9330127018922194,0.75,0.91462787454903,0.7794461054290902,5.0,-0.0,0.0,19.0,16.0,0.0,0.0,-0.0,0.0,8.0,8.0,2.0,47
274,274,2008-01-29,2008.0,1.0,5.0,29.0,0.0,0.0,0.0,1.0,0.0,1.0,0.0,0.0,0.0,0.9330127018922194,0.75,0.91462787454903,0.7794461054290902,4.0,-0.0,-0.0,17.0,19.0,0.0,0.0,0.0,-0.0,3.0,6.0,3.0,47
275,275,2008-01-30,2008.0,1.0,5.0,30.0,0.0,0.0,0.0,1.0,0.0,1.0,0.0,0.0,0.0,0.9330127018922194,0.75,0.91462787454903,0.7794461054290902,3.0,1.0,-0.0,17.0,19.0,-0.0,0.0,-0.0,0.0,3.0,11.0,3.0,47
276,276,2008-01-31,2008.0,1.0,5.0,31.0,0.0,0.0,0.0,1.0,0.0,1.0,0.0,0.0,0.0,0.9330127018922194,0.75,0.91462787454903,0.7794461054290902,10.0,0.0,0.0,8.0,19.0,-0.0,0.0,0.0,-0.0,4.0,7.0,2.0,47
277,277,2009-01-01,2009.0,1.0,1.0,1.0,0.0,0.0,0.0,1.0,0.0,1.0,0.0,0.0,0.0,0.9330127018922194,0.75,0.9964874635286428,0.559162567500375,9.0,-0.0,-0.0,14.0,19.0,-0.0,0.0,0.0,-0.0,2.0,4.0,3.0,48
278,278,2009-01-02,2009.0,1.0,1.0,2.0,0.0,0.0,0.0,1.0,0.0,1.0,0.0,0.0,0.0,0.9330127018922194,0.75,0.9964874635286428,0.559162567500375,1.0,0.0,-0.0,18.0,19.0,-0.0,0.0,-0.0,0.0,3.0,2.0,2.0,48
279,279,2009-01-03,2009.0,1.0,1.0,3.0,0.0,0.0,0.0,1.0,0.0,1.0,0.0,0.0,0.0,0.9330127018922194,0.75,0.9964874635286428,0.559162567500375,2.0,-0.0,0.0,19.0,18.0,0.0,-0.0,-0.0,-0.0,3.0,2.0,2.0,48
280,280,2009-01-04,2009.0,1.0,1.0,4.0,0.0,0.0,0.0,1.0,0.0,1.0,0.0,0.0,0.0,0.9330127018922194,0.75,0.9964874635286428,0.559162567500375,3.0,0.0,0.0,17.0,17.0,0.0,-0.0,-0.0,0.0,3.0,2.0,3.0,48
279,279,2009-01-03,2009.0,1.0,1.0,3.0,0.0,0.0,0.0,1.0,0.0,1.0,0.0,0.0,0.0,0.9330127018922194,0.75,0.9964874635286428,0.559162567500375,2.0,-0.0,0.0,19.0,18.0,0.0,-0.0,-0.0,-0.0,3.0,2.0,2.0,49
280,280,2009-01-04,2009.0,1.0,1.0,4.0,0.0,0.0,0.0,1.0,0.0,1.0,0.0,0.0,0.0,0.9330127018922194,0.75,0.9964874635286428,0.559162567500375,3.0,0.0,0.0,17.0,17.0,0.0,-0.0,-0.0,0.0,3.0,2.0,3.0,49
281,281,2009-01-05,2009.0,1.0,2.0,5.0,0.0,0.0,0.0,1.0,0.0,1.0,0.0,0.0,0.0,0.9330127018922194,0.75,0.9859991624270544,0.6174946222389921,5.0,1.0,0.0,17.0,19.0,0.0,0.0,0.0,0.0,15.0,1.0,1.0,49
282,282,2009-01-06,2009.0,1.0,2.0,6.0,0.0,0.0,0.0,1.0,0.0,1.0,0.0,0.0,0.0,0.9330127018922194,0.75,0.9859991624270544,0.6174946222389921,4.0,1.0,0.0,17.0,19.0,-0.0,-0.0,-0.0,0.0,1.0,1.0,2.0,49
283,283,2009-01-07,2009.0,1.0,2.0,7.0,0.0,0.0,0.0,1.0,0.0,1.0,0.0,0.0,0.0,0.9330127018922194,0.75,0.9859991624270544,0.6174946222389921,3.0,1.0,-0.0,13.0,17.0,0.0,-0.0,0.0,-0.0,0.0,1.0,3.0,49
284,284,2009-01-08,2009.0,1.0,2.0,8.0,0.0,0.0,0.0,1.0,0.0,1.0,0.0,0.0,0.0,0.9330127018922194,0.75,0.9859991624270544,0.6174946222389921,3.0,1.0,-0.0,16.0,17.0,0.0,0.0,0.0,0.0,1.0,1.0,1.0,49
285,285,2009-01-09,2009.0,1.0,2.0,9.0,0.0,0.0,0.0,1.0,0.0,1.0,0.0,0.0,0.0,0.9330127018922194,0.75,0.9859991624270544,0.6174946222389921,5.0,1.0,-0.0,17.0,15.0,-0.0,0.0,0.0,-0.0,3.0,12.0,1.0,49
286,286,2009-01-10,2009.0,1.0,2.0,10.0,0.0,0.0,0.0,1.0,0.0,1.0,0.0,0.0,0.0,0.9330127018922194,0.75,0.9859991624270544,0.6174946222389921,2.0,1.0,-0.0,19.0,15.0,-0.0,0.0,-0.0,-0.0,3.0,1.0,1.0,49
287,287,2009-01-11,2009.0,1.0,2.0,11.0,0.0,0.0,0.0,1.0,0.0,1.0,0.0,0.0,0.0,0.9330127018922194,0.75,0.9859991624270544,0.6174946222389921,4.0,1.0,0.0,19.0,16.0,0.0,-0.0,0.0,-0.0,3.0,1.0,1.0,49
286,286,2009-01-10,2009.0,1.0,2.0,10.0,0.0,0.0,0.0,1.0,0.0,1.0,0.0,0.0,0.0,0.9330127018922194,0.75,0.9859991624270544,0.6174946222389921,2.0,1.0,-0.0,19.0,15.0,-0.0,0.0,-0.0,-0.0,3.0,1.0,1.0,50
287,287,2009-01-11,2009.0,1.0,2.0,11.0,0.0,0.0,0.0,1.0,0.0,1.0,0.0,0.0,0.0,0.9330127018922194,0.75,0.9859991624270544,0.6174946222389921,4.0,1.0,0.0,19.0,16.0,0.0,-0.0,0.0,-0.0,3.0,1.0,1.0,50
288,288,2009-01-12,2009.0,1.0,3.0,12.0,0.0,0.0,0.0,1.0,0.0,1.0,0.0,0.0,0.0,0.9330127018922194,0.75,0.9686823294520612,0.6741773100327622,4.0,1.0,0.0,17.0,17.0,-0.0,0.0,-0.0,-0.0,3.0,9.0,2.0,50
289,289,2009-01-13,2009.0,1.0,3.0,13.0,0.0,0.0,0.0,1.0,0.0,1.0,0.0,0.0,0.0,0.9330127018922194,0.75,0.9686823294520612,0.6741773100327622,6.0,1.0,-0.0,16.0,15.0,-0.0,-0.0,0.0,0.0,3.0,1.0,2.0,50
290,290,2009-01-14,2009.0,1.0,3.0,14.0,0.0,0.0,0.0,1.0,0.0,1.0,0.0,0.0,0.0,0.9330127018922194,0.75,0.9686823294520612,0.6741773100327622,5.0,0.0,-0.0,15.0,14.0,0.0,0.0,-0.0,0.0,8.0,1.0,1.0,50
291,291,2009-01-15,2009.0,1.0,3.0,15.0,0.0,0.0,0.0,1.0,0.0,1.0,0.0,0.0,0.0,0.9330127018922194,0.75,0.9686823294520612,0.6741773100327622,5.0,1.0,-0.0,17.0,16.0,0.0,0.0,-0.0,-0.0,3.0,1.0,1.0,50
292,292,2009-01-16,2009.0,1.0,3.0,16.0,0.0,0.0,0.0,1.0,0.0,1.0,0.0,0.0,0.0,0.9330127018922194,0.75,0.9686823294520612,0.6741773100327622,3.0,1.0,-0.0,15.0,13.0,0.0,-0.0,0.0,0.0,3.0,2.0,1.0,50
293,293,2009-01-17,2009.0,1.0,3.0,17.0,0.0,0.0,0.0,1.0,0.0,1.0,0.0,0.0,0.0,0.9330127018922194,0.75,0.9686823294520612,0.6741773100327622,5.0,-0.0,0.0,19.0,14.0,-0.0,-0.0,0.0,0.0,8.0,2.0,2.0,50
294,294,2009-01-18,2009.0,1.0,3.0,18.0,0.0,0.0,0.0,1.0,0.0,1.0,0.0,0.0,0.0,0.9330127018922194,0.75,0.9686823294520612,0.6741773100327622,10.0,-0.0,0.0,17.0,16.0,-0.0,-0.0,0.0,0.0,6.0,2.0,3.0,50
293,293,2009-01-17,2009.0,1.0,3.0,17.0,0.0,0.0,0.0,1.0,0.0,1.0,0.0,0.0,0.0,0.9330127018922194,0.75,0.9686823294520612,0.6741773100327622,5.0,-0.0,0.0,19.0,14.0,-0.0,-0.0,0.0,0.0,8.0,2.0,2.0,51
294,294,2009-01-18,2009.0,1.0,3.0,18.0,0.0,0.0,0.0,1.0,0.0,1.0,0.0,0.0,0.0,0.9330127018922194,0.75,0.9686823294520612,0.6741773100327622,10.0,-0.0,0.0,17.0,16.0,-0.0,-0.0,0.0,0.0,6.0,2.0,3.0,51
295,295,2009-01-19,2009.0,1.0,4.0,19.0,0.0,0.0,0.0,1.0,0.0,1.0,0.0,0.0,0.0,0.9330127018922194,0.75,0.9447800549796659,0.7284149301950444,4.0,-0.0,-0.0,16.0,18.0,0.0,0.0,0.0,-0.0,3.0,1.0,2.0,51
296,296,2009-01-20,2009.0,1.0,4.0,20.0,0.0,0.0,0.0,1.0,0.0,1.0,0.0,0.0,0.0,0.9330127018922194,0.75,0.9447800549796659,0.7284149301950444,6.0,0.0,-0.0,10.0,16.0,-0.0,0.0,0.0,-0.0,3.0,4.0,2.0,51
297,297,2009-01-21,2009.0,1.0,4.0,21.0,0.0,0.0,0.0,1.0,0.0,1.0,0.0,0.0,0.0,0.9330127018922194,0.75,0.9447800549796659,0.7284149301950444,4.0,0.0,0.0,15.0,13.0,-0.0,0.0,-0.0,-0.0,3.0,5.0,2.0,51
298,298,2009-01-22,2009.0,1.0,4.0,22.0,0.0,0.0,0.0,1.0,0.0,1.0,0.0,0.0,0.0,0.9330127018922194,0.75,0.9447800549796659,0.7284149301950444,6.0,-0.0,-0.0,10.0,13.0,-0.0,0.0,-0.0,-0.0,3.0,2.0,2.0,51
299,299,2009-01-23,2009.0,1.0,4.0,23.0,0.0,0.0,0.0,1.0,0.0,1.0,0.0,0.0,0.0,0.9330127018922194,0.75,0.9447800549796659,0.7284149301950444,4.0,-0.0,-0.0,17.0,17.0,-0.0,-0.0,0.0,-0.0,3.0,1.0,2.0,51
300,300,2009-01-24,2009.0,1.0,4.0,24.0,0.0,0.0,0.0,1.0,0.0,1.0,0.0,0.0,0.0,0.9330127018922194,0.75,0.9447800549796659,0.7284149301950444,5.0,1.0,0.0,15.0,15.0,-0.0,0.0,0.0,0.0,3.0,1.0,2.0,51
301,301,2009-01-25,2009.0,1.0,4.0,25.0,0.0,0.0,0.0,1.0,0.0,1.0,0.0,0.0,0.0,0.9330127018922194,0.75,0.9447800549796659,0.7284149301950444,4.0,1.0,0.0,13.0,14.0,0.0,-0.0,-0.0,0.0,13.0,1.0,0.0,51
300,300,2009-01-24,2009.0,1.0,4.0,24.0,0.0,0.0,0.0,1.0,0.0,1.0,0.0,0.0,0.0,0.9330127018922194,0.75,0.9447800549796659,0.7284149301950444,5.0,1.0,0.0,15.0,15.0,-0.0,0.0,0.0,0.0,3.0,1.0,2.0,52
301,301,2009-01-25,2009.0,1.0,4.0,25.0,0.0,0.0,0.0,1.0,0.0,1.0,0.0,0.0,0.0,0.9330127018922194,0.75,0.9447800549796659,0.7284149301950444,4.0,1.0,0.0,13.0,14.0,0.0,-0.0,-0.0,0.0,13.0,1.0,0.0,52
302,302,2009-01-26,2009.0,1.0,5.0,26.0,0.0,0.0,0.0,1.0,0.0,1.0,0.0,0.0,0.0,0.9330127018922194,0.75,0.91462787454903,0.7794461054290902,3.0,0.0,-0.0,17.0,16.0,-0.0,0.0,0.0,-0.0,3.0,8.0,2.0,52
303,303,2009-01-27,2009.0,1.0,5.0,27.0,0.0,0.0,0.0,1.0,0.0,1.0,0.0,0.0,0.0,0.9330127018922194,0.75,0.91462787454903,0.7794461054290902,2.0,0.0,0.0,17.0,18.0,-0.0,0.0,0.0,-0.0,3.0,1.0,2.0,52
304,304,2009-01-28,2009.0,1.0,5.0,28.0,0.0,0.0,0.0,1.0,0.0,1.0,0.0,0.0,0.0,0.9330127018922194,0.75,0.91462787454903,0.7794461054290902,2.0,0.0,0.0,17.0,17.0,0.0,-0.0,-0.0,-0.0,1.0,10.0,2.0,52
305,305,2009-01-29,2009.0,1.0,5.0,29.0,0.0,0.0,0.0,1.0,0.0,1.0,0.0,0.0,0.0,0.9330127018922194,0.75,0.91462787454903,0.7794461054290902,1.0,0.0,0.0,17.0,17.0,0.0,-0.0,-0.0,0.0,2.0,8.0,2.0,52
306,306,2009-01-30,2009.0,1.0,5.0,30.0,0.0,0.0,0.0,1.0,0.0,1.0,0.0,0.0,0.0,0.9330127018922194,0.75,0.91462787454903,0.7794461054290902,3.0,0.0,-0.0,19.0,16.0,0.0,-0.0,0.0,0.0,-1.0,1.0,1.0,52
307,307,2009-01-31,2009.0,1.0,5.0,31.0,0.0,0.0,0.0,1.0,0.0,1.0,0.0,0.0,0.0,0.9330127018922194,0.75,0.91462787454903,0.7794461054290902,2.0,0.0,0.0,15.0,16.0,-0.0,-0.0,-0.0,-0.0,3.0,9.0,-0.0,52
